ticker,date,open,high,low,close,volume,adjOpen,adjHigh,adjLow,adjClose,adjVolume,divCash,splitFactor,price,low_price,high_price
ARM,2023-09-14,56.1,66.28,55.54,63.59,130534505,56.1,66.28,55.54,63.59,130534505,0.0,1.0,63.59,55.54,66.28
ARM,2023-09-15,68.63,69.0,60.75,60.75,74753091,68.63,69.0,60.75,60.75,74753091,0.0,1.0,60.75,60.75,69.0
ARM,2023-09-18,57.95,58.7407,55.02,58.0,34571903,57.95,58.7407,55.02,58.0,34571903,0.0,1.0,58.0,55.02,58.7407
ARM,2023-09-19,56.25,56.78,53.88,55.17,18308644,56.25,56.78,53.88,55.17,18308644,0.0,1.0,55.17,53.88,56.78
ARM,2023-09-20,55.17,55.4,51.52,52.91,16369470,55.17,55.4,51.52,52.91,16369470,0.0,1.0,52.91,51.52,55.4
ARM,2023-09-21,51.78,52.8,49.85,52.16,15010920,51.78,52.8,49.85,52.16,15010920,0.0,1.0,52.16,49.85,52.8
ARM,2023-09-22,52.9,52.9,50.3548,51.32,8430168,52.9,52.9,50.3548,51.32,8430168,0.0,1.0,51.32,50.3548,52.9
ARM,2023-09-25,51.12,54.5,50.02,54.44,12896541,51.12,54.5,50.02,54.44,12896541,0.0,1.0,54.44,50.02,54.5
ARM,2023-09-26,53.93,54.53,52.7,53.52,6283544,53.93,54.53,52.7,53.52,6283544,0.0,1.0,53.52,52.7,54.53
ARM,2023-09-27,54.4,54.4099,51.7894,52.99,6866740,54.4,54.4099,51.7894,52.99,6866740,0.0,1.0,52.99,51.7894,54.4099
ARM,2023-09-28,53.5,56.5,52.86,55.49,8765755,53.5,56.5,52.86,55.49,8765755,0.0,1.0,55.49,52.86,56.5
ARM,2023-09-29,56.21,56.79,53.08,53.52,7810025,56.21,56.79,53.08,53.52,7810025,0.0,1.0,53.52,53.08,56.79
ARM,2023-10-02,53.475,54.1899,51.91,52.26,8857088,53.475,54.1899,51.91,52.26,8857088,0.0,1.0,52.26,51.91,54.1899
ARM,2023-10-03,51.96,52.235,50.8,51.57,4687735,51.96,52.235,50.8,51.57,4687735,0.0,1.0,51.57,50.8,52.235
ARM,2023-10-04,51.97,53.81,51.31,53.46,6206459,51.97,53.81,51.31,53.46,6206459,0.0,1.0,53.46,51.31,53.81
ARM,2023-10-05,53.9,53.9,52.09,52.51,2984420,53.9,53.9,52.09,52.51,2984420,0.0,1.0,52.51,52.09,53.9
ARM,2023-10-06,52.72,54.21,51.55,54.08,4009236,52.72,54.21,51.55,54.08,4009236,0.0,1.0,54.08,51.55,54.21
ARM,2023-10-09,54.4,55.8,53.37,54.25,7197706,54.4,55.8,53.37,54.25,7197706,0.0,1.0,54.25,53.37,55.8
ARM,2023-10-10,55.24,55.86,54.2,55.71,5138144,55.24,55.86,54.2,55.71,5138144,0.0,1.0,55.71,54.2,55.86
ARM,2023-10-11,56.17,56.33,54.38,54.68,4454722,56.17,56.33,54.38,54.68,4454722,0.0,1.0,54.68,54.38,56.33
ARM,2023-10-12,54.75,54.75,51.41,51.85,7323145,54.75,54.75,51.41,51.85,7323145,0.0,1.0,51.85,51.41,54.75
ARM,2023-10-13,52.5,52.56,50.0,50.78,6462484,52.5,52.56,50.0,50.78,6462484,0.0,1.0,50.78,50.0,52.56
ARM,2023-10-16,51.04,52.35,51.04,52.09,3316789,51.04,52.35,51.04,52.09,3316789,0.0,1.0,52.09,51.04,52.35
ARM,2023-10-17,51.0,52.76,50.65,52.29,2549709,51.0,52.76,50.65,52.29,2549709,0.0,1.0,52.29,50.65,52.76
ARM,2023-10-18,52.28,52.7,51.275,51.9,2268871,52.28,52.7,51.275,51.9,2268871,0.0,1.0,51.9,51.275,52.7
ARM,2023-10-19,52.0,52.7,49.53,49.74,4553360,52.0,52.7,49.53,49.74,4553360,0.0,1.0,49.74,49.53,52.7
ARM,2023-10-20,49.74,49.74,46.5,47.87,8089129,49.74,49.74,46.5,47.87,8089129,0.0,1.0,47.87,46.5,49.74
ARM,2023-10-23,47.22,51.88,46.5,50.21,9979286,47.22,51.88,46.5,50.21,9979286,0.0,1.0,50.21,46.5,51.88
ARM,2023-10-24,52.0,52.8917,51.05,52.37,7211721,52.0,52.8917,51.05,52.37,7211721,0.0,1.0,52.37,51.05,52.8917
ARM,2023-10-25,52.7,52.79,49.31,49.44,4518810,52.7,52.79,49.31,49.44,4518810,0.0,1.0,49.44,49.31,52.79
ARM,2023-10-26,50.06,51.11,49.5,50.17,3555300,50.06,51.11,49.5,50.17,3555300,0.0,1.0,50.17,49.5,51.11
ARM,2023-10-27,51.26,51.33,48.81,49.09,2611336,51.26,51.33,48.81,49.09,2611336,0.0,1.0,49.09,48.81,51.33
ARM,2023-10-30,49.51,49.9,47.28,47.9,3677661,49.51,49.9,47.28,47.9,3677661,0.0,1.0,47.9,47.28,49.9
ARM,2023-10-31,47.9,49.66,47.12,49.29,3248684,47.9,49.66,47.12,49.29,3248684,0.0,1.0,49.29,47.12,49.66
ARM,2023-11-01,49.61,50.52,48.3,50.52,3066410,49.61,50.52,48.3,50.52,3066410,0.0,1.0,50.52,48.3,50.52
ARM,2023-11-02,51.4,53.56,51.3,52.82,4752687,51.4,53.56,51.3,52.82,4752687,0.0,1.0,52.82,51.3,53.56
ARM,2023-11-03,52.82,53.86,52.25,53.49,2545035,52.82,53.86,52.25,53.49,2545035,0.0,1.0,53.49,52.25,53.86
ARM,2023-11-06,53.98,54.46,52.52,53.1,2328270,53.98,54.46,52.52,53.1,2328270,0.0,1.0,53.1,52.52,54.46
ARM,2023-11-07,53.45,56.1,53.26,55.27,4534176,53.45,56.1,53.26,55.27,4534176,0.0,1.0,55.27,53.26,56.1
ARM,2023-11-08,55.27,55.56,53.39,54.4,6128231,55.27,55.56,53.39,54.4,6128231,0.0,1.0,54.4,53.39,55.56
ARM,2023-11-09,51.0,52.05,49.82,51.58,15354467,51.0,52.05,49.82,51.58,15354467,0.0,1.0,51.58,49.82,52.05
ARM,2023-11-10,52.0,52.5,51.01,52.27,5803942,52.0,52.5,51.01,52.27,5803942,0.0,1.0,52.27,51.01,52.5
ARM,2023-11-13,52.2,52.5,50.57,51.69,4524968,52.2,52.5,50.57,51.69,4524968,0.0,1.0,51.69,50.57,52.5
ARM,2023-11-14,53.0,53.5,52.28,53.43,3541284,53.0,53.5,52.28,53.43,3541284,0.0,1.0,53.43,52.28,53.5
ARM,2023-11-15,54.4,56.03,54.08,55.43,5821817,54.4,56.03,54.08,55.43,5821817,0.0,1.0,55.43,54.08,56.03
ARM,2023-11-16,55.51,55.6799,53.47,54.23,3291412,55.51,55.6799,53.47,54.23,3291412,0.0,1.0,54.23,53.47,55.6799
ARM,2023-11-17,55.11,55.74,54.26,54.99,3443898,55.11,55.74,54.26,54.99,3443898,0.0,1.0,54.99,54.26,55.74
ARM,2023-11-20,55.35,59.24,55.27,58.68,7808006,55.35,59.24,55.27,58.68,7808006,0.0,1.0,58.68,55.27,59.24
ARM,2023-11-21,58.0,58.9,56.43,58.66,5615415,58.0,58.9,56.43,58.66,5615415,0.0,1.0,58.66,56.43,58.9
ARM,2023-11-22,59.0,64.92,59.0,61.76,15119683,59.0,64.92,59.0,61.76,15119683,0.0,1.0,61.76,59.0,64.92
ARM,2023-11-24,61.5,64.2,61.41,63.88,6004929,61.5,64.2,61.41,63.88,6004929,0.0,1.0,63.88,61.41,64.2
ARM,2023-11-27,63.05,63.69,60.99,61.0,6681872,63.05,63.69,60.99,61.0,6681872,0.0,1.0,61.0,60.99,63.69
ARM,2023-11-28,60.84,62.68,60.79,61.92,4106892,60.84,62.68,60.79,61.92,4106892,0.0,1.0,61.92,60.79,62.68
ARM,2023-11-29,62.52,63.41,61.69,62.21,3642374,62.52,63.41,61.69,62.21,3642374,0.0,1.0,62.21,61.69,63.41
ARM,2023-11-30,62.58,63.5,60.91,61.5,4833273,62.58,63.5,60.91,61.5,4833273,0.0,1.0,61.5,60.91,63.5
ARM,2023-12-01,61.51,64.43,60.91,63.9,5446185,61.51,64.43,60.91,63.9,5446185,0.0,1.0,63.9,60.91,64.43
ARM,2023-12-04,63.9,63.9,60.8,61.93,5012171,63.9,63.9,60.8,61.93,5012171,0.0,1.0,61.93,60.8,63.9
ARM,2023-12-05,61.73,64.349,60.37,63.59,6666904,61.73,64.349,60.37,63.59,6666904,0.0,1.0,63.59,60.37,64.349
ARM,2023-12-06,64.35,64.69,60.89,61.06,5350702,64.35,64.69,60.89,61.06,5350702,0.0,1.0,61.06,60.89,64.69
ARM,2023-12-07,61.52,62.97,61.2,62.44,3139112,61.52,62.97,61.2,62.44,3139112,0.0,1.0,62.44,61.2,62.97
ARM,2023-12-08,62.44,67.4399,62.235,67.23,18815931,62.44,67.4399,62.235,67.23,18815931,0.0,1.0,67.23,62.235,67.4399
ARM,2023-12-11,67.26,67.26,64.29,64.89,7625495,67.26,67.26,64.29,64.89,7625495,0.0,1.0,64.89,64.29,67.26
ARM,2023-12-12,65.0,66.25,63.28,64.71,5711703,65.0,66.25,63.28,64.71,5711703,0.0,1.0,64.71,63.28,66.25
ARM,2023-12-13,65.41,66.5,62.75,65.61,7023954,65.41,66.5,62.75,65.61,7023954,0.0,1.0,65.61,62.75,66.5
ARM,2023-12-14,66.52,71.79,66.37,70.735,11835036,66.52,71.79,66.37,70.735,11835036,0.0,1.0,70.735,66.37,71.79
ARM,2023-12-15,70.5,71.89,69.29,71.03,7058443,70.5,71.89,69.29,71.03,7058443,0.0,1.0,71.03,69.29,71.89
ARM,2023-12-18,69.96,70.0915,68.02,68.87,4744779,69.96,70.0915,68.02,68.87,4744779,0.0,1.0,68.87,68.02,70.0915
ARM,2023-12-19,69.23,70.5499,68.81,69.43,3886427,69.23,70.5499,68.81,69.43,3886427,0.0,1.0,69.43,68.81,70.5499
ARM,2023-12-20,69.5,72.9897,68.38,68.4,8177594,69.5,72.9897,68.38,68.4,8177594,0.0,1.0,68.4,68.38,72.9897
ARM,2023-12-21,70.0,71.95,69.3,71.2,5407601,70.0,71.95,69.3,71.2,5407601,0.0,1.0,71.2,69.3,71.95
ARM,2023-12-22,72.0,73.4385,71.48,72.29,5763862,72.0,73.4385,71.48,72.29,5763862,0.0,1.0,72.29,71.48,73.4385
ARM,2023-12-26,73.27,74.0,71.76,73.41,4046596,73.27,74.0,71.76,73.41,4046596,0.0,1.0,73.41,71.76,74.0
ARM,2023-12-27,74.5,74.76,73.4101,74.25,3515058,74.5,74.76,73.4101,74.25,3515058,0.0,1.0,74.25,73.4101,74.76
ARM,2023-12-28,74.79,78.35,74.5,77.47,9176899,74.79,78.35,74.5,77.47,9176899,0.0,1.0,77.47,74.5,78.35
ARM,2023-12-29,78.36,78.66,74.6,75.145,11178334,78.36,78.66,74.6,75.145,11178334,0.0,1.0,75.145,74.6,78.66
ARM,2024-01-02,73.5,73.52,68.243,68.92,9770966,73.5,73.52,68.243,68.92,9770966,0.0,1.0,68.92,68.243,73.52
ARM,2024-01-03,67.07,68.5,65.11,67.91,7858160,67.07,68.5,65.11,67.91,7858160,0.0,1.0,67.91,65.11,68.5
ARM,2024-01-04,68.99,69.6,67.14,68.39,5757570,68.99,69.6,67.14,68.39,5757570,0.0,1.0,68.39,67.14,69.6
ARM,2024-01-05,69.12,70.39,66.52,67.05,7274142,69.12,70.39,66.52,67.05,7274142,0.0,1.0,67.05,66.52,70.39
ARM,2024-01-08,67.76,73.1846,67.52,72.84,9303504,67.76,73.1846,67.52,72.84,9303504,0.0,1.0,72.84,67.52,73.1846
ARM,2024-01-09,72.8,72.98,70.91,71.88,5982003,72.8,72.98,70.91,71.88,5982003,0.0,1.0,71.88,70.91,72.98
ARM,2024-01-10,73.0,74.38,69.86,70.77,7450639,73.0,74.38,69.86,70.77,7450639,0.0,1.0,70.77,69.86,74.38
ARM,2024-01-11,71.67,71.872,68.19,69.77,6396114,71.67,71.872,68.19,69.77,6396114,0.0,1.0,69.77,68.19,71.872
ARM,2024-01-12,70.85,70.91,69.01,70.0,4025998,70.85,70.91,69.01,70.0,4025998,0.0,1.0,70.0,69.01,70.91
ARM,2024-01-16,70.0,70.0,67.55,68.48,7090256,70.0,70.0,67.55,68.48,7090256,0.0,1.0,68.48,67.55,70.0
ARM,2024-01-17,68.0,69.96,66.66,69.86,7209106,68.0,69.96,66.66,69.86,7209106,0.0,1.0,69.86,66.66,69.96
ARM,2024-01-18,72.0,74.8,71.41,74.23,11287498,72.0,74.8,71.41,74.23,11287498,0.0,1.0,74.23,71.41,74.8
ARM,2024-01-19,75.07,78.9674,74.43,78.58,9956491,75.07,78.9674,74.43,78.58,9956491,0.0,1.0,78.58,74.43,78.9674
ARM,2024-01-22,78.58,79.94,76.5,77.11,7697443,78.58,79.94,76.5,77.11,7697443,0.0,1.0,77.11,76.5,79.94
ARM,2024-01-23,77.0,77.59,75.46,76.35,4052530,77.0,77.59,75.46,76.35,4052530,0.0,1.0,76.35,75.46,77.59
ARM,2024-01-24,77.2,77.6699,74.8,75.74,5813394,77.2,77.6699,74.8,75.74,5813394,0.0,1.0,75.74,74.8,77.6699
ARM,2024-01-25,76.49,79.65,73.26,73.91,8817139,76.49,79.65,73.26,73.91,8817139,0.0,1.0,73.91,73.26,79.65
ARM,2024-01-26,73.14,73.89,70.8,71.17,7077097,73.14,73.89,70.8,71.17,7077097,0.0,1.0,71.17,70.8,73.89
ARM,2024-01-29,72.0,72.95,71.2,72.93,4318120,72.0,72.95,71.2,72.93,4318120,0.0,1.0,72.93,71.2,72.95
ARM,2024-01-30,73.498,74.15,70.85,71.97,4056633,73.498,74.15,70.85,71.97,4056633,0.0,1.0,71.97,70.85,74.15
ARM,2024-01-31,70.66,72.54,69.62,70.67,5087257,70.66,72.54,69.62,70.67,5087257,0.0,1.0,70.67,69.62,72.54
ARM,2024-02-01,71.87,72.55,69.32,70.52,3476065,71.87,72.55,69.32,70.52,3476065,0.0,1.0,70.52,69.32,72.55
ARM,2024-02-02,71.1,71.95,70.0,71.0,4298876,71.1,71.95,70.0,71.0,4298876,0.0,1.0,71.0,70.0,71.95
ARM,2024-02-05,71.99,74.28,71.6,73.27,7258066,71.99,74.28,71.6,73.27,7258066,0.0,1.0,73.27,71.6,74.28
ARM,2024-02-06,75.0,75.45,71.8,72.98,6899507,75.0,75.45,71.8,72.98,6899507,0.0,1.0,72.98,71.8,75.45
ARM,2024-02-07,73.07,77.71,72.25,77.01,22802796,73.07,77.71,72.25,77.01,22802796,0.0,1.0,77.01,72.25,77.71
ARM,2024-02-08,94.41,126.585,94.0,113.89,105517349,94.41,126.585,94.0,113.89,105517349,0.0,1.0,113.89,94.0,126.585
ARM,2024-02-09,105.99,117.82,102.09,115.21,48096528,105.99,117.82,102.09,115.21,48096528,0.0,1.0,115.21,102.09,117.82
ARM,2024-02-12,120.16,164.0,118.69,148.97,111349666,120.16,164.0,118.69,148.97,111349666,0.0,1.0,148.97,118.69,164.0
ARM,2024-02-13,128.12,137.5,117.0,119.98,68563880,128.12,137.5,117.0,119.98,68563880,0.0,1.0,119.98,117.0,137.5
ARM,2024-02-14,133.81,134.84,121.02,126.4,42519550,133.81,134.84,121.02,126.4,42519550,0.0,1.0,126.4,121.02,134.84
ARM,2024-02-15,131.0,135.0,123.51,133.68,34996642,131.0,135.0,123.51,133.68,34996642,0.0,1.0,133.68,123.51,135.0
ARM,2024-02-16,129.5,135.98,123.05,128.34,26122331,129.5,135.98,123.05,128.34,26122331,0.0,1.0,128.34,123.05,135.98
ARM,2024-02-20,123.78,123.8,115.49,121.77,21117308,123.78,123.8,115.49,121.77,21117308,0.0,1.0,121.77,115.49,123.8
ARM,2024-02-21,117.76,125.4999,116.81,123.39,22418082,117.76,125.4999,116.81,123.39,22418082,0.0,1.0,123.39,116.81,125.4999
ARM,2024-02-22,132.87,138.5,128.51,128.53,29492398,132.87,138.5,128.51,128.53,29492398,0.0,1.0,128.53,128.51,138.5
ARM,2024-02-23,129.095,136.0,128.86,133.34,20317049,129.095,136.0,128.86,133.34,20317049,0.0,1.0,133.34,128.86,136.0
ARM,2024-02-26,139.0,149.92,138.1751,146.2,26547871,139.0,149.92,138.1751,146.2,26547871,0.0,1.0,146.2,138.1751,149.92
ARM,2024-02-27,144.905,147.33,137.0,137.95,17481267,144.905,147.33,137.0,137.95,17481267,0.0,1.0,137.95,137.0,147.33
ARM,2024-02-28,136.15,136.29,131.31,133.86,9682632,136.15,136.29,131.31,133.86,9682632,0.0,1.0,133.86,131.31,136.29
ARM,2024-02-29,136.28,141.22,135.45,141.04,10300023,136.28,141.22,135.45,141.04,10300023,0.0,1.0,141.04,135.45,141.22
ARM,2024-03-01,141.48,144.98,139.04,141.62,9856913,141.48,144.98,139.04,141.62,9856913,0.0,1.0,141.62,139.04,144.98
ARM,2024-03-04,145.39,148.4799,137.75,138.01,14294988,145.39,148.4799,137.75,138.01,14294988,0.0,1.0,138.01,137.75,148.4799
ARM,2024-03-05,135.5,136.37,130.0,134.07,9116025,135.5,136.37,130.0,134.07,9116025,0.0,1.0,134.07,130.0,136.37
ARM,2024-03-06,138.09,139.3369,133.2629,136.99,9063327,138.09,139.3369,133.2629,136.99,9063327,0.0,1.0,136.99,133.2629,139.3369
ARM,2024-03-07,140.0,146.54,138.81,140.85,14358584,140.0,146.54,138.81,140.85,14358584,0.0,1.0,140.85,138.81,146.54
ARM,2024-03-08,139.69,142.9,131.2,131.48,14132452,139.69,142.9,131.2,131.48,14132452,0.0,1.0,131.48,131.2,142.9
ARM,2024-03-11,126.6,130.742,124.12,126.74,10030490,126.6,130.742,124.12,126.74,10030490,0.0,1.0,126.74,124.12,130.742
ARM,2024-03-12,125.0,129.99,121.3801,129.5,18102294,125.0,129.99,121.3801,129.5,18102294,0.0,1.0,129.5,121.3801,129.99
ARM,2024-03-13,129.0,132.7,125.8,131.27,8684150,129.0,132.7,125.8,131.27,8684150,0.0,1.0,131.27,125.8,132.7
ARM,2024-03-14,130.13,136.29,127.59,130.96,10017932,130.13,136.29,127.59,130.96,10017932,0.0,1.0,130.96,127.59,136.29
ARM,2024-03-15,128.71,134.2,126.12,126.97,8880494,128.71,134.2,126.12,126.97,8880494,0.0,1.0,126.97,126.12,134.2
ARM,2024-03-18,128.17,132.8,127.73,129.75,6216320,128.17,132.8,127.73,129.75,6216320,0.0,1.0,129.75,127.73,132.8
ARM,2024-03-19,125.5,127.1,121.52,124.59,8135365,125.5,127.1,121.52,124.59,8135365,0.0,1.0,124.59,121.52,127.1
ARM,2024-03-20,126.53,131.98,125.23,131.33,6861505,126.53,131.98,125.23,131.33,6861505,0.0,1.0,131.33,125.23,131.98
ARM,2024-03-21,134.7,137.0,132.0139,133.6,7568797,134.7,137.0,132.0139,133.6,7568797,0.0,1.0,133.6,132.0139,137.0
ARM,2024-03-22,133.81,136.1,132.5,134.15,6999592,133.81,136.1,132.5,134.15,6999592,0.0,1.0,134.15,132.5,136.1
ARM,2024-03-25,137.155,143.75,137.15,138.31,12928867,137.155,143.75,137.15,138.31,12928867,0.0,1.0,138.31,137.15,143.75
ARM,2024-03-26,141.1,145.0,126.91,127.96,21244452,141.1,145.0,126.91,127.96,21244452,0.0,1.0,127.96,126.91,145.0
ARM,2024-03-27,130.0,130.86,122.83,125.62,11317879,130.0,130.86,122.83,125.62,11317879,0.0,1.0,125.62,122.83,130.86
ARM,2024-03-28,125.68,128.32,124.16,124.99,7407193,125.68,128.32,124.16,124.99,7407193,0.0,1.0,124.99,124.16,128.32
ARM,2024-04-01,126.36,128.73,124.6406,126.91,4969485,126.36,128.73,124.6406,126.91,4969485,0.0,1.0,126.91,124.6406,128.73
ARM,2024-04-02,125.2,125.63,121.12,124.28,5021268,125.2,125.63,121.12,124.28,5021268,0.0,1.0,124.28,121.12,125.63
ARM,2024-04-03,123.0,125.9796,122.62,125.31,3848441,123.0,125.9796,122.62,125.31,3848441,0.0,1.0,125.31,122.62,125.9796
ARM,2024-04-04,126.5,127.98,121.82,122.01,5398555,126.5,127.98,121.82,122.01,5398555,0.0,1.0,122.01,121.82,127.98
ARM,2024-04-05,122.6,125.72,120.02,124.82,4505583,122.6,125.72,120.02,124.82,4505583,0.0,1.0,124.82,120.02,125.72
ARM,2024-04-08,124.82,130.5,123.39,129.25,6896429,124.82,130.5,123.39,129.25,6896429,0.0,1.0,129.25,123.39,130.5
ARM,2024-04-09,133.51,135.41,124.5,126.81,12821654,133.51,135.41,124.5,126.81,12821654,0.0,1.0,126.81,124.5,135.41
ARM,2024-04-10,124.99,127.6,123.895,125.18,4974491,124.99,127.6,123.895,125.18,4974491,0.0,1.0,125.18,123.895,127.6
ARM,2024-04-11,126.0,131.2,125.51,131.13,6139066,126.0,131.2,125.51,131.13,6139066,0.0,1.0,131.13,125.51,131.2
ARM,2024-04-12,128.99,130.3389,125.37,126.33,4950851,128.99,130.3389,125.37,126.33,4950851,0.0,1.0,126.33,125.37,130.3389
ARM,2024-04-15,126.2,126.87,120.95,122.32,5003304,126.2,126.87,120.95,122.32,5003304,0.0,1.0,122.32,120.95,126.87
ARM,2024-04-16,122.0,124.24,120.91,122.22,4071531,122.0,124.24,120.91,122.22,4071531,0.0,1.0,122.22,120.91,124.24
ARM,2024-04-17,121.87,122.6817,107.01,107.56,19639227,121.87,122.6817,107.01,107.56,19639227,0.0,1.0,107.56,107.01,122.6817
ARM,2024-04-18,106.32,107.2963,102.58,104.92,11961197,106.32,107.2963,102.58,104.92,11961197,0.0,1.0,104.92,102.58,107.2963
ARM,2024-04-19,100.0,103.01,85.61,87.19,29438997,100.0,103.01,85.61,87.19,29438997,0.0,1.0,87.19,85.61,103.01
ARM,2024-04-22,89.94,94.315,89.06,93.11,15199464,89.94,94.315,89.06,93.11,15199464,0.0,1.0,93.11,89.06,94.315
ARM,2024-04-23,97.32,98.37,95.05,96.04,11212389,97.32,98.37,95.05,96.04,11212389,0.0,1.0,96.04,95.05,98.37
ARM,2024-04-24,102.0,103.75,97.2401,99.88,11697822,102.0,103.75,97.2401,99.88,11697822,0.0,1.0,99.88,97.2401,103.75
ARM,2024-04-25,96.05,99.67,95.5,97.93,6140842,96.05,99.67,95.5,97.93,6140842,0.0,1.0,97.93,95.5,99.67
ARM,2024-04-26,101.4,102.3,98.22,101.95,5651662,101.4,102.3,98.22,101.95,5651662,0.0,1.0,101.95,98.22,102.3
ARM,2024-04-29,102.2,103.4,99.05,103.24,4009208,102.2,103.4,99.05,103.24,4009208,0.0,1.0,103.24,99.05,103.4
ARM,2024-04-30,103.02,105.1944,100.85,101.21,3783680,103.02,105.1944,100.85,101.21,3783680,0.0,1.0,101.21,100.85,105.1944
ARM,2024-05-01,99.98,100.6,95.24,95.29,6090454,99.98,100.6,95.24,95.29,6090454,0.0,1.0,95.29,95.24,100.6
ARM,2024-05-02,98.99,100.3,96.13,98.0,4117395,98.99,100.3,96.13,98.0,4117395,0.0,1.0,98.0,96.13,100.3
ARM,2024-05-03,101.62,104.36,100.4487,101.7,5780156,101.62,104.36,100.4487,101.7,5780156,0.0,1.0,101.7,100.4487,104.36
ARM,2024-05-06,103.82,107.92,103.595,106.98,7489247,103.82,107.92,103.595,106.98,7489247,0.0,1.0,106.98,103.595,107.92
ARM,2024-05-07,109.3,109.69,106.5404,107.8,8187311,109.3,109.69,106.5404,107.8,8187311,0.0,1.0,107.8,106.5404,109.69
ARM,2024-05-08,107.8,109.94,104.65,106.07,15211317,107.8,109.94,104.65,106.07,15211317,0.0,1.0,106.07,104.65,109.94
ARM,2024-05-09,99.27,106.9,97.76,103.59,29441153,99.27,106.9,97.76,103.59,29441153,0.0,1.0,103.59,97.76,106.9
ARM,2024-05-10,106.2,110.3723,106.2,108.84,15281029,106.2,110.3723,106.2,108.84,15281029,0.0,1.0,108.84,106.2,110.3723
ARM,2024-05-13,114.0,117.58,110.86,117.23,16402548,114.0,117.58,110.86,117.23,16402548,0.0,1.0,117.23,110.86,117.58
ARM,2024-05-14,115.82,117.41,114.35,116.65,8046116,115.82,117.41,114.35,116.65,8046116,0.0,1.0,116.65,114.35,117.41
ARM,2024-05-15,118.4,118.5,112.5163,113.67,9544257,118.4,118.5,112.5163,113.67,9544257,0.0,1.0,113.67,112.5163,118.5
ARM,2024-05-16,115.69,116.8746,113.89,114.27,6446297,115.69,116.8746,113.89,114.27,6446297,0.0,1.0,114.27,113.89,116.8746
ARM,2024-05-17,115.6,115.68,109.6101,110.35,7523269,115.6,115.68,109.6101,110.35,7523269,0.0,1.0,110.35,109.6101,115.68
ARM,2024-05-20,111.0,111.3299,108.69,110.46,5260806,111.0,111.3299,108.69,110.46,5260806,0.0,1.0,110.46,108.69,111.3299
ARM,2024-05-21,110.0,115.779,109.5,114.77,10468845,110.0,115.779,109.5,114.77,10468845,0.0,1.0,114.77,109.5,115.779
ARM,2024-05-22,115.01,117.3605,111.65,112.43,8406909,115.01,117.3605,111.65,112.43,8406909,0.0,1.0,112.43,111.65,117.3605
ARM,2024-05-23,117.0,117.33,110.38,112.53,8450553,117.0,117.33,110.38,112.53,8450553,0.0,1.0,112.53,110.38,117.33
ARM,2024-05-24,112.77,115.56,111.6,114.64,4735978,112.77,115.56,111.6,114.64,4735978,0.0,1.0,114.64,111.6,115.56
ARM,2024-05-28,115.455,125.98,115.32,124.94,16202680,115.455,125.98,115.32,124.94,16202680,0.0,1.0,124.94,115.32,125.98
ARM,2024-05-29,123.7,123.7,119.05,120.65,8166773,123.7,123.7,119.05,120.65,8166773,0.0,1.0,120.65,119.05,123.7
ARM,2024-05-30,121.8,123.5004,117.77,120.73,6809687,121.8,123.5004,117.77,120.73,6809687,0.0,1.0,120.73,117.77,123.5004
ARM,2024-05-31,119.92,123.88,116.01,120.52,9110420,119.92,123.88,116.01,120.52,9110420,0.0,1.0,120.52,116.01,123.88
ARM,2024-06-03,125.0,129.85,122.54,127.12,11447937,125.0,129.85,122.54,127.12,11447937,0.0,1.0,127.12,122.54,129.85
ARM,2024-06-04,126.875,127.67,122.89,125.86,6879787,126.875,127.67,122.89,125.86,6879787,0.0,1.0,125.86,122.89,127.67
ARM,2024-06-05,126.83,136.8499,126.72,136.67,12612251,126.83,136.8499,126.72,136.67,12612251,0.0,1.0,136.67,126.72,136.8499
ARM,2024-06-06,134.79,138.41,132.41,137.125,8874515,134.79,138.41,132.41,137.125,8874515,0.0,1.0,137.125,132.41,138.41
ARM,2024-06-07,136.93,140.97,135.31,136.57,6610104,136.93,140.97,135.31,136.57,6610104,0.0,1.0,136.57,135.31,140.97
ARM,2024-06-10,134.785,142.09,132.5,139.91,8883753,134.785,142.09,132.5,139.91,8883753,0.0,1.0,139.91,132.5,142.09
ARM,2024-06-11,139.08,147.5,139.0,143.92,11434769,139.08,147.5,139.0,143.92,11434769,0.0,1.0,143.92,139.0,147.5
ARM,2024-06-12,146.0,158.71,145.2,155.59,17284330,146.0,158.71,145.2,155.59,17284330,0.0,1.0,155.59,145.2,158.71
ARM,2024-06-13,157.335,161.49,150.67,158.05,15371944,157.335,161.49,150.67,158.05,15371944,0.0,1.0,158.05,150.67,161.49
ARM,2024-06-14,159.9,167.69,153.5,157.89,22260010,159.9,167.69,153.5,157.89,22260010,0.0,1.0,157.89,153.5,167.69
ARM,2024-06-17,160.17,162.7,153.6201,160.29,12826931,160.17,162.7,153.6201,160.29,12826931,0.0,1.0,160.29,153.6201,162.7
ARM,2024-06-18,160.03,177.31,159.32,174.13,22339063,160.03,177.31,159.32,174.13,22339063,0.0,1.0,174.13,159.32,177.31
ARM,2024-06-20,173.13,173.85,156.0,160.77,22162341,173.13,173.85,156.0,160.77,22162341,0.0,1.0,160.77,156.0,173.85
ARM,2024-06-21,156.562,162.2,151.3725,160.3,21934971,156.562,162.2,151.3725,160.3,21934971,0.0,1.0,160.3,151.3725,162.2
ARM,2024-06-24,156.87,157.77,150.6,151.07,9260941,156.87,157.77,150.6,151.07,9260941,0.0,1.0,151.07,150.6,157.77
ARM,2024-06-25,151.57,161.95,149.5,160.61,10333156,151.57,161.95,149.5,160.61,10333156,0.0,1.0,160.61,149.5,161.95
ARM,2024-06-26,161.63,166.8,159.51,164.72,11598298,161.63,166.8,159.51,164.72,11598298,0.0,1.0,164.72,159.51,166.8
ARM,2024-06-27,162.556,168.82,160.79,166.935,8980296,162.556,168.82,160.79,166.935,8980296,0.0,1.0,166.935,160.79,168.82
ARM,2024-06-28,167.25,170.88,162.33,163.62,7095948,167.25,170.88,162.33,163.62,7095948,0.0,1.0,163.62,162.33,170.88
ARM,2024-07-01,163.43,163.85,152.55,158.83,8387526,163.43,163.85,152.55,158.83,8387526,0.0,1.0,158.83,152.55,163.85
ARM,2024-07-02,156.85,163.6197,155.27,163.46,5753481,156.85,163.6197,155.27,163.46,5753481,0.0,1.0,163.46,155.27,163.6197
ARM,2024-07-03,162.42,170.66,159.31,168.24,6649290,162.42,170.66,159.31,168.24,6649290,0.0,1.0,168.24,159.31,170.66
ARM,2024-07-05,172.0,182.65,169.6001,181.19,14231323,172.0,182.65,169.6001,181.19,14231323,0.0,1.0,181.19,169.6001,182.65
ARM,2024-07-08,181.04,186.38,179.5146,184.7,9516780,181.04,186.38,179.5146,184.7,9516780,0.0,1.0,184.7,179.5146,186.38
ARM,2024-07-09,186.1,188.75,179.11,182.28,9258555,186.1,188.75,179.11,182.28,9258555,0.0,1.0,182.28,179.11,188.75
ARM,2024-07-10,183.39,187.47,178.5,186.46,6986366,183.39,187.47,178.5,186.46,6986366,0.0,1.0,186.46,178.5,187.47
ARM,2024-07-11,186.84,187.28,173.0301,173.19,10662180,186.84,187.28,173.0301,173.19,10662180,0.0,1.0,173.19,173.0301,187.28
ARM,2024-07-12,174.07,183.05,173.5,181.18,8999709,174.07,183.05,173.5,181.18,8999709,0.0,1.0,181.18,173.5,183.05
ARM,2024-07-15,182.11,183.74,176.86,177.53,5469526,182.11,183.74,176.86,177.53,5469526,0.0,1.0,177.53,176.86,183.74
ARM,2024-07-16,180.0,180.95,172.54,178.77,5767464,180.0,180.95,172.54,178.77,5767464,0.0,1.0,178.77,172.54,180.95
ARM,2024-07-17,169.98,172.36,161.53,161.7,12350620,169.98,172.36,161.53,161.7,12350620,0.0,1.0,161.7,161.53,172.36
ARM,2024-07-18,165.85,166.66,152.22,158.33,10996288,165.85,166.66,152.22,158.33,10996288,0.0,1.0,158.33,152.22,166.66
ARM,2024-07-19,162.85,165.05,160.63,163.4,7106840,162.85,165.05,160.63,163.4,7106840,0.0,1.0,163.4,160.63,165.05
ARM,2024-07-22,165.47,168.79,162.68,163.55,6179128,165.47,168.79,162.68,163.55,6179128,0.0,1.0,163.55,162.68,168.79
ARM,2024-07-23,163.2399,173.23,161.87,171.7,8036757,163.2399,173.23,161.87,171.7,8036757,0.0,1.0,171.7,161.87,173.23
ARM,2024-07-24,167.15,167.15,157.18,157.68,9321071,167.15,167.15,157.18,157.68,9321071,0.0,1.0,157.68,157.18,167.15
ARM,2024-07-25,151.68,155.63,140.0,149.14,15995964,151.68,155.63,140.0,149.14,15995964,0.0,1.0,149.14,140.0,155.63
ARM,2024-07-26,155.36,155.51,145.61,149.0,8156191,155.36,155.51,145.61,149.0,8156191,0.0,1.0,149.0,145.61,155.51
ARM,2024-07-29,146.38,149.95,138.71,141.44,9603111,146.38,149.95,138.71,141.44,9603111,0.0,1.0,141.44,138.71,149.95
ARM,2024-07-30,140.73,142.07,129.1,132.96,11738909,140.73,142.07,129.1,132.96,11738909,0.0,1.0,132.96,129.1,142.07
ARM,2024-07-31,143.41,145.48,138.94,144.17,16512997,143.41,145.48,138.94,144.17,16512997,0.0,1.0,144.17,138.94,145.48
ARM,2024-08-01,128.71,134.87,118.18,121.51,31205165,128.71,134.87,118.18,121.51,31205165,0.0,1.0,121.51,118.18,134.87
ARM,2024-08-02,114.74,115.63,108.73,113.45,14669989,114.74,115.63,108.73,113.45,14669989,0.0,1.0,113.45,108.73,115.63
ARM,2024-08-05,98.5,113.5,96.66,110.45,15552582,98.5,113.5,96.66,110.45,15552582,0.0,1.0,110.45,96.66,113.5
ARM,2024-08-06,115.53,117.97,109.5,113.39,11424968,115.53,117.97,109.5,113.39,11424968,0.0,1.0,113.39,109.5,117.97
ARM,2024-08-07,117.8,120.09,106.53,107.09,13228487,117.8,120.09,106.53,107.09,13228487,0.0,1.0,107.09,106.53,120.09
ARM,2024-08-08,111.8,118.68,107.94,118.43,9931650,111.8,118.68,107.94,118.43,9931650,0.0,1.0,118.43,107.94,118.68
ARM,2024-08-09,118.98,120.29,115.77,117.0,6421299,118.98,120.29,115.77,117.0,6421299,0.0,1.0,117.0,115.77,120.29
ARM,2024-08-12,117.66,122.0,115.32,117.13,6345188,117.66,122.0,115.32,117.13,6345188,0.0,1.0,117.13,115.32,122.0
ARM,2024-08-13,119.7,125.7,118.3,123.79,8894429,119.7,125.7,118.3,123.79,8894429,0.0,1.0,123.79,118.3,125.7
ARM,2024-08-14,128.82,130.6999,123.79,125.92,11101703,128.82,130.6999,123.79,125.92,11101703,0.0,1.0,125.92,123.79,130.6999
ARM,2024-08-15,129.76,132.05,128.43,130.44,8011345,129.76,132.05,128.43,130.44,8011345,0.0,1.0,130.44,128.43,132.05
ARM,2024-08-16,131.2,133.1,129.8,130.3,6100567,131.2,133.1,129.8,130.3,6100567,0.0,1.0,130.3,129.8,133.1
ARM,2024-08-19,130.62,132.44,126.29,132.31,6272107,130.62,132.44,126.29,132.31,6272107,0.0,1.0,132.31,126.29,132.44
ARM,2024-08-20,132.215,135.6,128.02,129.95,5847701,132.215,135.6,128.02,129.95,5847701,0.0,1.0,129.95,128.02,135.6
ARM,2024-08-21,131.41,131.46,127.79,131.2,6235306,131.41,131.46,127.79,131.2,6235306,0.0,1.0,131.2,127.79,131.46
ARM,2024-08-22,132.43,133.63,128.55,129.72,4736284,132.43,133.63,128.55,129.72,4736284,0.0,1.0,129.72,128.55,133.63
ARM,2024-08-23,130.0,138.05,129.74,135.63,7286758,130.0,138.05,129.74,135.63,7286758,0.0,1.0,135.63,129.74,138.05
ARM,2024-08-26,134.505,135.3,127.36,128.9,6042284,134.505,135.3,127.36,128.9,6042284,0.0,1.0,128.9,127.36,135.3
ARM,2024-08-27,127.465,131.62,125.49,131.2,4241383,127.465,131.62,125.49,131.2,4241383,0.0,1.0,131.2,125.49,131.62
ARM,2024-08-28,130.0,131.3,121.88,125.32,7388108,130.0,131.3,121.88,125.32,7388108,0.0,1.0,125.32,121.88,131.3
ARM,2024-08-29,125.5,134.94,125.37,131.93,9715222,125.5,134.94,125.37,131.93,9715222,0.0,1.0,131.93,125.37,134.94
ARM,2024-08-30,133.32,137.1,131.84,132.88,4763139,133.32,137.1,131.84,132.88,4763139,0.0,1.0,132.88,131.84,137.1
ARM,2024-09-03,129.865,130.39,122.04,123.74,6382503,129.865,130.39,122.04,123.74,6382503,0.0,1.0,123.74,122.04,130.39
ARM,2024-09-04,121.7,123.4,117.42,120.95,6008474,121.7,123.4,117.42,120.95,6008474,0.0,1.0,120.95,117.42,123.4
ARM,2024-09-05,118.8,124.4668,118.63,123.09,4660243,118.8,124.4668,118.63,123.09,4660243,0.0,1.0,123.09,118.63,124.4668
ARM,2024-09-06,122.0038,122.165,114.91,117.29,6769965,122.0038,122.165,114.91,117.29,6769965,0.0,1.0,117.29,114.91,122.165
ARM,2024-09-09,122.635,126.24,120.08,125.54,7321547,122.635,126.24,120.08,125.54,7321547,0.0,1.0,125.54,120.08,126.24
ARM,2024-09-10,128.045,128.4668,123.0215,127.22,4896193,128.045,128.4668,123.0215,127.22,4896193,0.0,1.0,127.22,123.0215,128.4668
ARM,2024-09-11,129.2,140.63,128.1787,140.32,11056785,129.2,140.63,128.1787,140.32,11056785,0.0,1.0,140.32,128.1787,140.63
ARM,2024-09-12,136.32,141.38,135.7,139.18,7005879,136.32,141.38,135.7,139.18,7005879,0.0,1.0,139.18,135.7,141.38
ARM,2024-09-13,142.0,149.93,141.37,147.37,10883334,142.0,149.93,141.37,147.37,10883334,0.0,1.0,147.37,141.37,149.93
ARM,2024-09-16,143.0,143.76,136.55,138.4,9734693,143.0,143.76,136.55,138.4,9734693,0.0,1.0,138.4,136.55,143.76
ARM,2024-09-17,140.4,142.5,136.28,136.84,5117856,140.4,142.5,136.28,136.84,5117856,0.0,1.0,136.84,136.28,142.5
ARM,2024-09-18,137.0,143.1,136.7,138.36,6306277,137.0,143.1,136.7,138.36,6306277,0.0,1.0,138.36,136.7,143.1
ARM,2024-09-19,144.99,147.42,140.14,140.59,7688965,144.99,147.42,140.14,140.59,7688965,0.0,1.0,140.59,140.14,147.42
ARM,2024-09-20,140.0,140.85,137.41,138.9,7362039,140.0,140.85,137.41,138.9,7362039,0.0,1.0,138.9,137.41,140.85
ARM,2024-09-23,139.96,143.6,139.8,141.72,4567102,139.96,143.6,139.8,141.72,4567102,0.0,1.0,141.72,139.8,143.6
ARM,2024-09-24,142.28,144.6979,139.72,143.3,4907715,142.28,144.6979,139.72,143.3,4907715,0.0,1.0,143.3,139.72,144.6979
ARM,2024-09-25,143.3,149.74,143.16,146.43,6406112,143.3,149.74,143.16,146.43,6406112,0.0,1.0,146.43,143.16,149.74
ARM,2024-09-26,152.0,152.3896,144.0,149.16,7025510,152.0,152.3896,144.0,149.16,7025510,0.0,1.0,149.16,144.0,152.3896
ARM,2024-09-27,150.0,150.75,144.3,145.58,4375076,150.0,150.75,144.3,145.58,4375076,0.0,1.0,145.58,144.3,150.75
ARM,2024-09-30,140.96,145.0,140.62,143.01,4037676,140.96,145.0,140.62,143.01,4037676,0.0,1.0,143.01,140.62,145.0
ARM,2024-10-01,142.84,144.39,135.85,136.08,6028077,142.84,144.39,135.85,136.08,6028077,0.0,1.0,136.08,135.85,144.39
ARM,2024-10-02,136.61,139.3,132.8,137.03,3884358,136.61,139.3,132.8,137.03,3884358,0.0,1.0,137.03,132.8,139.3
ARM,2024-10-03,136.23,141.44,136.0,138.24,3035369,136.23,141.44,136.0,138.24,3035369,0.0,1.0,138.24,136.0,141.44
ARM,2024-10-04,141.2,142.0,137.6001,140.55,3765664,141.2,142.0,137.6001,140.55,3765664,0.0,1.0,140.55,137.6001,142.0
ARM,2024-10-07,139.48,144.89,139.11,141.34,4763687,139.48,144.89,139.11,141.34,4763687,0.0,1.0,141.34,139.11,144.89
ARM,2024-10-08,141.56,144.25,140.8818,143.6,3690480,141.56,144.25,140.8818,143.6,3690480,0.0,1.0,143.6,140.8818,144.25
ARM,2024-10-09,144.77,148.64,142.15,148.43,5476059,144.77,148.64,142.15,148.43,5476059,0.0,1.0,148.43,142.15,148.64
ARM,2024-10-10,146.24,152.0,145.02,149.33,4341701,146.24,152.0,145.02,149.33,4341701,0.0,1.0,149.33,145.02,152.0
ARM,2024-10-11,149.1,152.3,148.3,151.46,3399021,149.1,152.3,148.3,151.46,3399021,0.0,1.0,151.46,148.3,152.3
ARM,2024-10-14,153.1,164.16,153.1,161.82,9073284,153.1,164.16,153.1,161.82,9073284,0.0,1.0,161.82,153.1,164.16
ARM,2024-10-15,160.0,160.62,147.0,150.67,9584294,160.0,160.62,147.0,150.67,9584294,0.0,1.0,150.67,147.0,160.62
ARM,2024-10-16,154.0,155.2,151.2942,152.5,5052062,154.0,155.2,151.2942,152.5,5052062,0.0,1.0,152.5,151.2942,155.2
ARM,2024-10-17,157.71,158.8,154.09,154.6,5959974,157.71,158.8,154.09,154.6,5959974,0.0,1.0,154.6,154.09,158.8
ARM,2024-10-18,155.565,155.7399,151.96,153.03,3404374,155.565,155.7399,151.96,153.03,3404374,0.0,1.0,153.03,151.96,155.7399
ARM,2024-10-21,152.195,154.1133,149.4,152.35,6025865,152.195,154.1133,149.4,152.35,6025865,0.0,1.0,152.35,149.4,154.1133
ARM,2024-10-22,150.46,152.94,149.83,152.58,2895964,150.46,152.94,149.83,152.58,2895964,0.0,1.0,152.58,149.83,152.94
ARM,2024-10-23,147.8,148.44,140.7,142.41,9708847,147.8,148.44,140.7,142.41,9708847,0.0,1.0,142.41,140.7,148.44
ARM,2024-10-24,143.3,143.59,138.4,141.04,5630347,143.3,143.59,138.4,141.04,5630347,0.0,1.0,141.04,138.4,143.59
ARM,2024-10-25,142.0,145.56,141.5,143.75,4425012,142.0,145.56,141.5,143.75,4425012,0.0,1.0,143.75,141.5,145.56
ARM,2024-10-28,145.0,152.58,144.2,150.02,5720588,145.0,152.58,144.2,150.02,5720588,0.0,1.0,150.02,144.2,152.58
ARM,2024-10-29,150.0,157.69,148.28,157.17,5317607,150.0,157.69,148.28,157.17,5317607,0.0,1.0,157.17,148.28,157.69
ARM,2024-10-30,152.5,155.4777,150.48,154.4,3784845,152.5,155.4777,150.48,154.4,3784845,0.0,1.0,154.4,150.48,155.4777
ARM,2024-10-31,145.26,146.23,140.25,141.3,7431878,145.26,146.23,140.25,141.3,7431878,0.0,1.0,141.3,140.25,146.23
ARM,2024-11-01,144.17,146.78,140.62,141.48,4716064,144.17,146.78,140.62,141.48,4716064,0.0,1.0,141.48,140.62,146.78
ARM,2024-11-04,140.0,142.5,137.29,137.53,3263574,140.0,142.5,137.29,137.53,3263574,0.0,1.0,137.53,137.29,142.5
ARM,2024-11-05,139.0,141.3,138.33,140.65,3635034,139.0,141.3,138.33,140.65,3635034,0.0,1.0,140.65,138.33,141.3
ARM,2024-11-06,143.73,146.06,141.01,144.68,10774420,143.73,146.06,141.01,144.68,10774420,0.0,1.0,144.68,141.01,146.06
ARM,2024-11-07,140.0001,154.65,139.51,150.65,16365148,140.0001,154.65,139.51,150.65,16365148,0.0,1.0,150.65,139.51,154.65
ARM,2024-11-08,148.7,149.12,144.42,147.48,6469780,148.7,149.12,144.42,147.48,6469780,0.0,1.0,147.48,144.42,149.12
ARM,2024-11-11,145.95,145.95,138.7,141.965,7446051,145.95,145.95,138.7,141.965,7446051,0.0,1.0,141.965,138.7,145.95
ARM,2024-11-12,141.52,143.12,137.3,139.92,4306975,141.52,143.12,137.3,139.92,4306975,0.0,1.0,139.92,137.3,143.12
ARM,2024-11-13,139.57,140.535,135.07,135.09,4945316,139.57,140.535,135.07,135.09,4945316,0.0,1.0,135.09,135.07,140.535
ARM,2024-11-14,137.25,138.7922,134.8004,136.35,4069480,137.25,138.7922,134.8004,136.35,4069480,0.0,1.0,136.35,134.8004,138.7922
ARM,2024-11-15,133.17,133.3,126.81,128.73,7740277,133.17,133.3,126.81,128.73,7740277,0.0,1.0,128.73,126.81,133.3
ARM,2024-11-18,127.5,130.11,126.356,128.66,5737329,127.5,130.11,126.356,128.66,5737329,0.0,1.0,128.66,126.356,130.11
ARM,2024-11-19,128.5,133.7,127.89,133.06,4051608,128.5,133.7,127.89,133.06,4051608,0.0,1.0,133.06,127.89,133.7
ARM,2024-11-20,131.02,133.77,130.0755,133.7,3913472,131.02,133.77,130.0755,133.7,3913472,0.0,1.0,133.7,130.0755,133.77
ARM,2024-11-21,136.25,138.2,131.13,133.14,4127617,136.25,138.2,131.13,133.14,4127617,0.0,1.0,133.14,131.13,138.2
ARM,2024-11-22,132.0,136.27,131.45,135.99,3330342,132.0,136.27,131.45,135.99,3330342,0.0,1.0,135.99,131.45,136.27
ARM,2024-11-25,138.67,142.24,138.09,139.68,4745683,138.67,142.24,138.09,139.68,4745683,0.0,1.0,139.68,138.09,142.24
ARM,2024-11-26,139.51,140.2,135.6,136.72,2605036,139.51,140.2,135.6,136.72,2605036,0.0,1.0,136.72,135.6,140.2
ARM,2024-11-27,134.85,135.35,129.6,133.37,5498108,134.85,135.35,129.6,133.37,5498108,0.0,1.0,133.37,129.6,135.35
ARM,2024-11-29,133.04,137.28,132.59,134.29,2491333,133.04,137.28,132.59,134.29,2491333,0.0,1.0,134.29,132.59,137.28
ARM,2024-12-02,134.2,141.4,134.2,140.34,5503965,134.2,141.4,134.2,140.34,5503965,0.0,1.0,140.34,134.2,141.4
ARM,2024-12-03,139.5,142.2999,139.44,140.38,3954636,139.5,142.2999,139.44,140.38,3954636,0.0,1.0,140.38,139.44,142.2999
ARM,2024-12-04,142.5,144.54,141.06,141.3,2959784,142.5,144.54,141.06,141.3,2959784,0.0,1.0,141.3,141.06,144.54
ARM,2024-12-05,140.86,142.46,137.56,137.95,4769912,140.86,142.46,137.56,137.95,4769912,0.0,1.0,137.95,137.56,142.46
ARM,2024-12-06,138.145,142.42,136.63,140.89,3394674,138.145,142.42,136.63,140.89,3394674,0.0,1.0,140.89,136.63,142.42
ARM,2024-12-09,140.15,143.2,136.26,139.64,3491704,140.15,143.2,136.26,139.64,3491704,0.0,1.0,139.64,136.26,143.2
ARM,2024-12-10,138.65,140.72,135.83,137.29,2826220,138.65,140.72,135.83,137.29,2826220,0.0,1.0,137.29,135.83,140.72
ARM,2024-12-11,137.0,144.3104,136.7645,143.16,4473108,137.0,144.3104,136.7645,143.16,4473108,0.0,1.0,143.16,136.7645,144.3104
ARM,2024-12-12,142.0,150.0,140.7,148.0,7249978,142.0,150.0,140.7,148.0,7249978,0.0,1.0,148.0,140.7,150.0
ARM,2024-12-13,151.51,156.4,150.95,151.91,8140439,151.51,156.4,150.95,151.91,8140439,0.0,1.0,151.91,150.95,156.4
ARM,2024-12-16,153.0,153.0,142.04,145.0,6443771,153.0,153.0,142.04,145.0,6443771,0.0,1.0,145.0,142.04,153.0
ARM,2024-12-17,143.61,144.0,137.82,142.8,6373774,143.61,144.0,137.82,142.8,6373774,0.0,1.0,142.8,137.82,144.0
ARM,2024-12-18,143.5,146.64,134.345,136.56,4255490,143.5,146.64,134.345,136.56,4255490,0.0,1.0,136.56,134.345,146.64
ARM,2024-12-19,137.01,140.2099,131.95,132.1,6153537,137.01,140.2099,131.95,132.1,6153537,0.0,1.0,132.1,131.95,140.2099
ARM,2024-12-20,129.66,135.79,128.3025,132.15,5601366,129.66,135.79,128.3025,132.15,5601366,0.0,1.0,132.15,128.3025,135.79
ARM,2024-12-23,129.89,130.25,123.26,126.87,8531427,129.89,130.25,123.26,126.87,8531427,0.0,1.0,126.87,123.26,130.25
ARM,2024-12-24,127.46,133.11,127.2,131.79,3464234,127.46,133.11,127.2,131.79,3464234,0.0,1.0,131.79,127.2,133.11
ARM,2024-12-26,130.9,133.2999,129.63,129.69,2524443,130.9,133.2999,129.63,129.69,2524443,0.0,1.0,129.69,129.63,133.2999
ARM,2024-12-27,128.995,130.26,126.7,129.2,2801559,128.995,130.26,126.7,129.2,2801559,0.0,1.0,129.2,126.7,130.26
ARM,2024-12-30,126.655,127.71,124.82,125.91,2719253,126.655,127.71,124.82,125.91,2719253,0.0,1.0,125.91,124.82,127.71
ARM,2024-12-31,125.52,126.54,123.11,123.36,2690240,125.52,126.54,123.11,123.36,2690240,0.0,1.0,123.36,123.11,126.54
ARM,2025-01-02,124.995,129.4,124.995,128.2,3747765,124.995,129.4,124.995,128.2,3747765,0.0,1.0,128.2,124.995,129.4
ARM,2025-01-03,129.64,141.45,129.515,141.08,7206802,129.64,141.45,129.515,141.08,7206802,0.0,1.0,141.08,129.515,141.45
ARM,2025-01-06,142.79,150.14,142.79,147.41,7056686,142.79,150.14,142.79,147.41,7056686,0.0,1.0,147.41,142.79,150.14
ARM,2025-01-07,147.84,148.45,140.17,144.38,5602824,147.84,148.45,140.17,144.38,5602824,0.0,1.0,144.38,140.17,148.45
ARM,2025-01-08,142.34,148.25,142.23,145.2,3418683,142.34,148.25,142.23,145.2,3418683,0.0,1.0,145.2,142.23,148.25
ARM,2025-01-10,140.8,141.88,138.02,140.49,3156713,140.8,141.88,138.02,140.49,3156713,0.0,1.0,140.49,138.02,141.88
ARM,2025-01-13,137.0,138.02,134.63,137.07,3343163,137.0,138.02,134.63,137.07,3343163,0.0,1.0,137.07,134.63,138.02
ARM,2025-01-14,139.785,143.1299,138.05,140.06,3240342,139.785,143.1299,138.05,140.06,3240342,0.0,1.0,140.06,138.05,143.1299
ARM,2025-01-15,143.0,148.25,142.8252,147.4,4849822,143.0,148.25,142.8252,147.4,4849822,0.0,1.0,147.4,142.8252,148.25
ARM,2025-01-16,148.24,150.01,144.23,147.52,4353352,148.24,150.01,144.23,147.52,4353352,0.0,1.0,147.52,144.23,150.01
ARM,2025-01-17,149.2,151.6,147.77,149.26,4217349,149.2,151.6,147.77,149.26,4217349,0.0,1.0,149.26,147.77,151.6
ARM,2025-01-21,149.85,156.9711,147.01,155.2,6807499,149.85,156.9711,147.01,155.2,6807499,0.0,1.0,155.2,147.01,156.9711
ARM,2025-01-22,160.37,182.88,159.95,179.93,27244374,160.37,182.88,159.95,179.93,27244374,0.0,1.0,179.93,159.95,182.88
ARM,2025-01-23,170.39,170.39,162.5,166.56,16494388,170.39,170.39,162.5,166.56,16494388,0.0,1.0,166.56,162.5,170.39
ARM,2025-01-24,166.5,168.7263,162.45,162.52,6532374,166.5,168.7263,162.45,162.52,6532374,0.0,1.0,162.52,162.45,168.7263
ARM,2025-01-27,148.9,152.27,142.3176,145.96,11715378,148.9,152.27,142.3176,145.96,11715378,0.0,1.0,145.96,142.3176,152.27
ARM,2025-01-28,148.0,150.5,145.96,149.47,5572268,148.0,150.5,145.96,149.47,5572268,0.0,1.0,149.47,145.96,150.5
ARM,2025-01-29,150.66,151.75,145.21,147.6,2814289,150.66,151.75,145.21,147.6,2814289,0.0,1.0,147.6,145.21,151.75
ARM,2025-01-30,150.3,154.88,149.5,153.23,4531885,150.3,154.88,149.5,153.23,4531885,0.0,1.0,153.23,149.5,154.88
ARM,2025-01-31,154.0,162.96,153.55,159.55,8015390,154.0,162.96,153.55,159.55,8015390,0.0,1.0,159.55,153.55,162.96
ARM,2025-02-03,153.55,159.36,152.0,155.65,4104706,153.55,159.36,152.0,155.65,4104706,0.0,1.0,155.65,152.0,159.36
ARM,2025-02-04,157.5,163.65,155.8,162.2,5086049,157.5,163.65,155.8,162.2,5086049,0.0,1.0,162.2,155.8,163.65
ARM,2025-02-05,162.94,173.95,162.5,173.26,13412829,162.94,173.95,162.5,173.26,13412829,0.0,1.0,173.26,162.5,173.95
ARM,2025-02-06,162.0,170.45,158.7,167.47,11885899,162.0,170.45,158.7,167.47,11885899,0.0,1.0,167.47,158.7,170.45
ARM,2025-02-07,166.5,170.7364,160.8695,162.51,5915058,166.5,170.7364,160.8695,162.51,5915058,0.0,1.0,162.51,160.8695,170.7364
ARM,2025-02-10,162.955,163.3999,158.5801,160.84,3443462,162.955,163.3999,158.5801,160.84,3443462,0.0,1.0,160.84,158.5801,163.3999
ARM,2025-02-11,160.07,163.11,157.2875,157.74,3108636,160.07,163.11,157.2875,157.74,3108636,0.0,1.0,157.74,157.2875,163.11
ARM,2025-02-12,155.0,157.9,154.01,155.41,3470140,155.0,157.9,154.01,155.41,3470140,0.0,1.0,155.41,154.01,157.9
ARM,2025-02-13,154.97,168.39,153.8,164.83,11433801,154.97,168.39,153.8,164.83,11433801,0.0,1.0,164.83,153.8,168.39
ARM,2025-02-14,160.165,161.3442,156.12,159.54,6084844,160.165,161.3442,156.12,159.54,6084844,0.0,1.0,159.54,156.12,161.3442
ARM,2025-02-18,160.5,161.15,155.65,160.32,4809710,160.5,161.15,155.65,160.32,4809710,0.0,1.0,160.32,155.65,161.15
ARM,2025-02-19,157.56,160.9357,152.29,154.36,5228795,157.56,160.9357,152.29,154.36,5228795,0.0,1.0,154.36,152.29,160.9357
ARM,2025-02-20,153.2,154.05,147.53,150.85,3865999,153.2,154.05,147.53,150.85,3865999,0.0,1.0,150.85,147.53,154.05
ARM,2025-02-21,151.245,151.99,143.8,144.84,4916989,151.245,151.99,143.8,144.84,4916989,0.0,1.0,144.84,143.8,151.99
ARM,2025-02-24,145.055,145.6117,138.05,140.53,3829698,145.055,145.6117,138.05,140.53,3829698,0.0,1.0,140.53,138.05,145.6117
ARM,2025-02-25,139.32,139.5,133.16,136.7,5786313,139.32,139.5,133.16,136.7,5786313,0.0,1.0,136.7,133.16,139.5
ARM,2025-02-26,139.43,141.57,137.91,138.97,3263180,139.43,141.57,137.91,138.97,3263180,0.0,1.0,138.97,137.91,141.57
ARM,2025-02-27,142.01,144.41,130.145,130.34,4799626,142.01,144.41,130.145,130.34,4799626,0.0,1.0,130.34,130.145,144.41
ARM,2025-02-28,129.3,133.98,127.43,131.69,4253846,129.3,133.98,127.43,131.69,4253846,0.0,1.0,131.69,127.43,133.98
ARM,2025-03-03,133.0,133.94,120.0701,121.1,7356741,133.0,133.94,120.0701,121.1,7356741,0.0,1.0,121.1,120.0701,133.94
ARM,2025-03-04,121.91,125.91,117.89,122.49,8075722,121.91,125.91,117.89,122.49,8075722,0.0,1.0,122.49,117.89,125.91
ARM,2025-03-05,124.625,125.49,120.36,124.78,4601581,124.625,125.49,120.36,124.78,4601581,0.0,1.0,124.78,120.36,125.49
ARM,2025-03-06,120.7,123.4,117.75,117.92,5014553,120.7,123.4,117.75,117.92,5014553,0.0,1.0,117.92,117.75,123.4
ARM,2025-03-07,118.52,127.5811,117.52,125.55,6537634,118.52,127.5811,117.52,125.55,6537634,0.0,1.0,125.55,117.52,127.5811
ARM,2025-03-10,120.5,121.8,114.38,116.38,7208491,120.5,121.8,114.38,116.38,7208491,0.0,1.0,116.38,114.38,121.8
ARM,2025-03-11,116.0,118.5,110.25,111.49,8069201,116.0,118.5,110.25,111.49,8069201,0.0,1.0,111.49,110.25,118.5
ARM,2025-03-12,116.0,117.98,112.0,112.7,5291214,116.0,117.98,112.0,112.7,5291214,0.0,1.0,112.7,112.0,117.98
ARM,2025-03-13,114.0,114.78,109.9,112.05,4480686,114.0,114.78,109.9,112.05,4480686,0.0,1.0,112.05,109.9,114.78
ARM,2025-03-14,115.79,118.62,115.21,117.94,4573896,115.79,118.62,115.21,117.94,4573896,0.0,1.0,117.94,115.21,118.62
ARM,2025-03-17,118.06,123.7,118.0549,121.37,3444925,118.06,123.7,118.0549,121.37,3444925,0.0,1.0,121.37,118.0549,123.7
ARM,2025-03-18,120.56,120.6476,116.36,119.72,3138784,120.56,120.6476,116.36,119.72,3138784,0.0,1.0,119.72,116.36,120.6476
ARM,2025-03-19,119.44,120.49,116.244,117.91,3729575,119.44,120.49,116.244,117.91,3729575,0.0,1.0,117.91,116.244,120.49
ARM,2025-03-20,116.82,120.44,115.81,119.07,2335162,116.82,120.44,115.81,119.07,2335162,0.0,1.0,119.07,115.81,120.44
ARM,2025-03-21,116.375,119.43,115.5,119.07,2552391,116.375,119.43,115.5,119.07,2552391,0.0,1.0,119.07,115.5,119.43
ARM,2025-03-24,122.06,126.27,122.0,124.85,4314334,122.06,126.27,122.0,124.85,4314334,0.0,1.0,124.85,122.0,126.27
ARM,2025-03-25,124.92,125.5,123.1,124.28,1887287,124.92,125.5,123.1,124.28,1887287,0.0,1.0,124.28,123.1,125.5
ARM,2025-03-26,123.0,123.45,114.17,114.93,4898639,123.0,123.45,114.17,114.93,4898639,0.0,1.0,114.93,114.17,123.45
ARM,2025-03-27,114.0,114.04,109.25,112.47,4203112,114.0,114.04,109.25,112.47,4203112,0.0,1.0,112.47,109.25,114.04
ARM,2025-03-28,111.5,113.1763,106.73,107.8,4624071,111.5,113.1763,106.73,107.8,4624071,0.0,1.0,107.8,106.73,113.1763
ARM,2025-03-31,104.0,106.93,101.3638,106.79,4662707,104.0,106.93,101.3638,106.79,4662707,0.0,1.0,106.79,101.3638,106.93
ARM,2025-04-01,105.72,108.4699,103.58,106.98,4236103,105.72,108.4699,103.58,106.98,4236103,0.0,1.0,106.98,103.58,108.4699
ARM,2025-04-02,104.38,110.1349,104.38,108.14,2350625,104.38,110.1349,104.38,108.14,2350625,0.0,1.0,108.14,104.38,110.1349
ARM,2025-04-03,101.16,103.24,97.33,97.72,8088131,101.16,103.24,97.33,97.72,8088131,0.0,1.0,97.72,97.33,103.24
ARM,2025-04-04,91.65,95.38,84.3901,87.71,12485983,91.65,95.38,84.3901,87.71,12485983,0.0,1.0,87.71,84.3901,95.38
ARM,2025-04-07,80.92,94.14,80.0,88.63,9081667,80.92,94.14,80.0,88.63,9081667,0.0,1.0,88.63,80.0,94.14
ARM,2025-04-08,94.375,96.5502,84.117,85.82,8447500,94.375,96.5502,84.117,85.82,8447500,0.0,1.0,85.82,84.117,96.5502
ARM,2025-04-09,85.615,107.9401,85.19,106.59,13935053,85.615,107.9401,85.19,106.59,13935053,0.0,1.0,106.59,85.19,107.9401
ARM,2025-04-10,98.9,102.0,95.345,100.46,8620945,98.9,102.0,95.345,100.46,8620945,0.0,1.0,100.46,95.345,102.0
ARM,2025-04-11,100.0,105.665,98.802,103.99,6481201,100.0,105.665,98.802,103.99,6481201,0.0,1.0,103.99,98.802,105.665
ARM,2025-04-14,108.21,109.46,102.86,105.06,3674719,108.21,109.46,102.86,105.06,3674719,0.0,1.0,105.06,102.86,109.46
ARM,2025-04-15,104.81,106.3142,102.66,103.8,3092066,104.81,106.3142,102.66,103.8,3092066,0.0,1.0,103.8,102.66,106.3142
ARM,2025-04-16,98.0,101.71,97.895,101.0,4881728,98.0,101.71,97.895,101.0,4881728,0.0,1.0,101.0,97.895,101.71
ARM,2025-04-17,102.26,102.26,98.8401,100.73,3124931,102.26,102.26,98.8401,100.73,3124931,0.0,1.0,100.73,98.8401,102.26
ARM,2025-04-21,99.79,100.23,95.32,96.83,4231800,99.79,100.23,95.32,96.83,4231800,0.0,1.0,96.83,95.32,100.23
ARM,2025-04-22,98.22,101.847,97.9035,100.55,3808524,98.22,101.847,97.9035,100.55,3808524,0.0,1.0,100.55,97.9035,101.847
ARM,2025-04-23,106.4,109.86,104.67,105.16,5140745,106.4,109.86,104.67,105.16,5140745,0.0,1.0,105.16,104.67,109.86
ARM,2025-04-24,107.36,112.5,106.98,112.01,5047646,107.36,112.5,106.98,112.01,5047646,0.0,1.0,112.01,106.98,112.5
ARM,2025-04-25,112.0,114.83,110.56,113.34,3908380,112.0,114.83,110.56,113.34,3908380,0.0,1.0,113.34,110.56,114.83
ARM,2025-04-28,112.53,114.18,110.01,112.08,3241285,112.53,114.18,110.01,112.08,3241285,0.0,1.0,112.08,110.01,114.18
ARM,2025-04-29,112.6,113.5911,111.49,111.65,1953963,112.6,113.5911,111.49,111.65,1953963,0.0,1.0,111.65,111.49,113.5911
ARM,2025-04-30,108.595,114.24,107.54,114.05,3737401,108.595,114.24,107.54,114.05,3737401,0.0,1.0,114.05,107.54,114.24
ARM,2025-05-01,117.0,119.5709,115.23,115.4,6993600,117.0,119.5709,115.23,115.4,6993600,0.0,1.0,115.4,115.23,119.5709
ARM,2025-05-02,118.57,123.98,118.46,123.27,5131987,118.57,123.98,118.46,123.27,5131987,0.0,1.0,123.27,118.46,123.98
ARM,2025-05-05,121.09,123.43,120.5,121.95,3525176,121.09,123.43,120.5,121.95,3525176,0.0,1.0,121.95,120.5,123.43
ARM,2025-05-06,118.0,123.58,118.0,122.44,4236058,118.0,123.58,118.0,122.44,4236058,0.0,1.0,122.44,118.0,123.58
ARM,2025-05-07,123.105,124.44,120.19,124.19,9237893,123.105,124.44,120.19,124.19,9237893,0.0,1.0,124.19,120.19,124.44
ARM,2025-05-08,119.195,119.8,114.33,116.52,15725322,119.195,119.8,114.33,116.52,15725322,0.0,1.0,116.52,114.33,119.8
ARM,2025-05-09,117.56,118.82,114.8,115.8,5364763,117.56,118.82,114.8,115.8,5364763,0.0,1.0,115.8,114.8,118.82
ARM,2025-05-12,121.635,125.45,121.3,124.81,7552649,121.635,125.45,121.3,124.81,7552649,0.0,1.0,124.81,121.3,125.45
ARM,2025-05-13,125.0,128.9,124.2,126.68,7630738,125.0,128.9,124.2,126.68,7630738,0.0,1.0,126.68,124.2,128.9
ARM,2025-05-14,128.97,134.97,128.81,133.45,8876042,128.97,134.97,128.81,133.45,8876042,0.0,1.0,133.45,128.81,134.97
ARM,2025-05-15,133.005,135.18,129.0,133.07,5357922,133.005,135.18,129.0,133.07,5357922,0.0,1.0,133.07,129.0,135.18
ARM,2025-05-16,133.35,136.15,132.9,135.96,4789901,133.35,136.15,132.9,135.96,4789901,0.0,1.0,135.96,132.9,136.15
ARM,2025-05-19,130.355,133.28,129.53,132.05,4195586,130.355,133.28,129.53,132.05,4195586,0.0,1.0,132.05,129.53,133.28
ARM,2025-05-20,131.84,132.04,129.7,131.04,3108482,131.84,132.04,129.7,131.04,3108482,0.0,1.0,131.04,129.7,132.04
ARM,2025-05-21,128.92,135.34,128.6,130.45,4810123,128.92,135.34,128.6,130.45,4810123,0.0,1.0,130.45,128.6,135.34
ARM,2025-05-22,129.6,131.1388,128.9578,129.28,2366176,129.6,131.1388,128.9578,129.28,2366176,0.0,1.0,129.28,128.9578,131.1388
ARM,2025-05-23,126.14,127.66,124.9,127.18,2966784,126.14,127.66,124.9,127.18,2966784,0.0,1.0,127.18,124.9,127.66
ARM,2025-05-27,130.05,135.99,129.73,133.96,5507532,130.05,135.99,129.73,133.96,5507532,0.0,1.0,133.96,129.73,135.99
ARM,2025-05-28,134.825,138.5,133.95,135.54,5937438,134.825,138.5,133.95,135.54,5937438,0.0,1.0,135.54,133.95,138.5
ARM,2025-05-29,138.5,138.59,126.75,128.1,7438789,138.5,138.59,126.75,128.1,7438789,0.0,1.0,128.1,126.75,138.59
ARM,2025-05-30,127.61,127.8,121.56,124.54,5786646,127.61,127.8,121.56,124.54,5786646,0.0,1.0,124.54,121.56,127.8
ARM,2025-06-02,124.8,127.48,123.5875,126.055,3297546,124.8,127.48,123.5875,126.055,3297546,0.0,1.0,126.055,123.5875,127.48
ARM,2025-06-03,127.53,130.64,126.93,128.78,3445675,127.53,130.64,126.93,128.78,3445675,0.0,1.0,128.78,126.93,130.64
ARM,2025-06-04,129.4,130.6848,127.3301,130.36,2473376,129.4,130.6848,127.3301,130.36,2473376,0.0,1.0,130.36,127.3301,130.6848
ARM,2025-06-05,131.09,134.25,128.49,129.55,3558230,131.09,134.25,128.49,129.55,3558230,0.0,1.0,129.55,128.49,134.25
ARM,2025-06-06,129.93,135.16,129.93,133.11,3212500,129.93,135.16,129.93,133.11,3212500,0.0,1.0,133.11,129.93,135.16
ARM,2025-06-09,135.0,141.3198,134.82,138.61,6864643,135.0,141.3198,134.82,138.61,6864643,0.0,1.0,138.61,134.82,141.3198
ARM,2025-06-10,138.8,141.58,135.87,140.63,4544099,138.8,141.58,135.87,140.63,4544099,0.0,1.0,140.63,135.87,141.58
ARM,2025-06-11,140.99,144.2999,138.9412,140.38,3594057,140.99,144.2999,138.9412,140.38,3594057,0.0,1.0,140.38,138.9412,144.2999
ARM,2025-06-12,137.44,140.63,137.21,138.62,3244823,137.44,140.63,137.21,138.62,3244823,0.0,1.0,138.62,137.21,140.63
ARM,2025-06-13,135.81,138.52,134.57,135.55,3307735,135.81,138.52,134.57,135.55,3307735,0.0,1.0,135.55,134.57,138.52
ARM,2025-06-16,137.25,143.58,137.25,142.04,4166296,137.25,143.58,137.25,142.04,4166296,0.0,1.0,142.04,137.25,143.58
ARM,2025-06-17,140.83,149.25,140.5,144.72,5883239,140.83,149.25,140.5,144.72,5883239,0.0,1.0,144.72,140.5,149.25
ARM,2025-06-18,145.16,147.98,143.18,146.05,3638366,145.16,147.98,143.18,146.05,3638366,0.0,1.0,146.05,143.18,147.98
ARM,2025-06-20,146.705,148.48,143.26,145.04,3798306,146.705,148.48,143.26,145.04,3798306,0.0,1.0,145.04,143.26,148.48
ARM,2025-06-23,143.0,149.59,142.6,149.33,4742264,143.0,149.59,142.6,149.33,4742264,0.0,1.0,149.33,142.6,149.59
ARM,2025-06-24,151.0,157.23,150.9,156.41,5587282,151.0,157.23,150.9,156.41,5587282,0.0,1.0,156.41,150.9,157.23
ARM,2025-06-25,157.11,159.88,156.68,157.31,4750959,157.11,159.88,156.68,157.31,4750959,0.0,1.0,157.31,156.68,159.88
ARM,2025-06-26,158.535,160.4,157.245,158.15,4519565,158.535,160.4,157.245,158.15,4519565,0.0,1.0,158.15,157.245,160.4
ARM,2025-06-27,159.0,166.36,158.76,165.46,7495465,159.0,166.36,158.76,165.46,7495465,0.0,1.0,165.46,158.76,166.36
ARM,2025-06-30,166.965,168.3099,161.2217,161.74,5531639,166.965,168.3099,161.2217,161.74,5531639,0.0,1.0,161.74,161.2217,168.3099
ARM,2025-07-01,160.0,161.75,153.5172,156.33,6369768,160.0,161.75,153.5172,156.33,6369768,0.0,1.0,156.33,153.5172,161.75
ARM,2025-07-02,154.205,155.24,152.03,154.63,5027678,154.205,155.24,152.03,154.63,5027678,0.0,1.0,154.63,152.03,155.24
ARM,2025-07-03,155.86,157.42,154.1601,155.09,2499259,155.86,157.42,154.1601,155.09,2499259,0.0,1.0,155.09,154.1601,157.42
ARM,2025-07-07,154.0,154.0,145.4,146.88,6964769,154.0,154.0,145.4,146.88,6964769,0.0,1.0,146.88,145.4,154.0
ARM,2025-07-08,148.93,150.0,147.05,147.79,4150262,148.93,150.0,147.05,147.79,4150262,0.0,1.0,147.79,147.05,150.0
ARM,2025-07-09,149.59,152.78,147.8,148.02,3848507,149.59,152.78,147.8,148.02,3848507,0.0,1.0,148.02,147.8,152.78
ARM,2025-07-10,149.0,149.0,145.6181,148.55,3652380,149.0,149.0,145.6181,148.55,3652380,0.0,1.0,148.55,145.6181,149.0
ARM,2025-07-11,146.68,151.1,144.28,145.94,3954206,146.68,151.1,144.28,145.94,3954206,0.0,1.0,145.94,144.28,151.1
ARM,2025-07-14,145.94,145.96,140.7,144.54,5882783,145.94,145.96,140.7,144.54,5882783,0.0,1.0,144.54,140.7,145.96
ARM,2025-07-15,148.375,150.15,146.3501,147.11,4182225,148.375,150.15,146.3501,147.11,4182225,0.0,1.0,147.11,146.3501,150.15
ARM,2025-07-16,151.325,155.04,148.21,153.9,7451580,151.325,155.04,148.21,153.9,7451580,0.0,1.0,153.9,148.21,155.04
ARM,2025-07-17,157.11,159.4998,153.5404,157.18,4891514,157.11,159.4998,153.5404,157.18,4891514,0.0,1.0,157.18,153.5404,159.4998
ARM,2025-07-18,158.5,161.95,156.385,156.74,4869474,158.5,161.95,156.385,156.74,4869474,0.0,1.0,156.74,156.385,161.95
ARM,2025-07-21,159.15,164.58,158.1891,161.92,5462802,159.15,164.58,158.1891,161.92,5462802,0.0,1.0,161.92,158.1891,164.58
ARM,2025-07-22,161.0,162.1318,153.24,156.5,5167949,161.0,162.1318,153.24,156.5,5167949,0.0,1.0,156.5,153.24,162.1318
ARM,2025-07-23,156.96,159.7499,155.714164,159.28,3398613,156.96,159.7499,155.714164,159.28,3398613,0.0,1.0,159.28,155.714164,159.7499
ARM,2025-07-24,160.0,161.75,157.9,159.99,2228382,160.0,161.75,157.9,159.99,2228382,0.0,1.0,159.99,157.9,161.75
ARM,2025-07-25,160.0,164.58,159.14,163.17,3151871,160.0,164.58,159.14,163.17,3151871,0.0,1.0,163.17,159.14,164.58
ARM,2025-07-28,165.02,166.88,162.0368,164.37,4027941,165.02,166.88,162.0368,164.37,4027941,0.0,1.0,164.37,162.0368,166.88
ARM,2025-07-29,164.0,166.2475,160.78,163.47,3546455,164.0,166.2475,160.78,163.47,3546455,0.0,1.0,163.47,160.78,166.2475
ARM,2025-07-30,162.32,165.25,161.36,163.325,4885275,162.32,165.25,161.36,163.325,4885275,0.0,1.0,163.325,161.36,165.25
ARM,2025-07-31,148.35,149.0,139.11,141.375,22624867,148.35,149.0,139.11,141.375,22624867,0.0,1.0,141.375,139.11,149.0
ARM,2025-08-01,137.995,140.06,135.25,137.58,7673360,137.995,140.06,135.25,137.58,7673360,0.0,1.0,137.58,135.25,140.06
ARM,2025-08-04,140.1,140.6098,138.25,140.05,4866896,140.1,140.6098,138.25,140.05,4866896,0.0,1.0,140.05,138.25,140.6098
ARM,2025-08-05,140.5,140.88,135.21,137.23,4384607,140.5,140.88,135.21,137.23,4384607,0.0,1.0,137.23,135.21,140.88
ARM,2025-08-06,137.41,137.8,135.01,136.12,3241026,137.41,137.8,135.01,136.12,3241026,0.0,1.0,136.12,135.01,137.8
ARM,2025-08-07,137.77,139.68,134.61,135.57,4269209,137.77,139.68,134.61,135.57,4269209,0.0,1.0,135.57,134.61,139.68
ARM,2025-08-08,136.67,139.45,135.36,138.5,3483747,136.67,139.45,135.36,138.5,3483747,0.0,1.0,138.5,135.36,139.45
ARM,2025-08-11,139.52,146.43,139.25,141.05,5673358,139.52,146.43,139.25,141.05,5673358,0.0,1.0,141.05,139.25,146.43
ARM,2025-08-12,142.85,143.0,140.42,142.39,4004257,142.85,143.0,140.42,142.39,4004257,0.0,1.0,142.39,140.42,143.0
ARM,2025-08-13,143.45,145.2,141.39,141.6,3335791,143.45,145.2,141.39,141.6,3335791,0.0,1.0,141.6,141.39,145.2
ARM,2025-08-14,140.29,140.68,138.27,140.55,4927774,140.29,140.68,138.27,140.55,4927774,0.0,1.0,140.55,138.27,140.68
ARM,2025-08-15,140.55,141.78,137.77,138.91,3434478,140.55,141.78,137.77,138.91,3434478,0.0,1.0,138.91,137.77,141.78
ARM,2025-08-18,137.91,141.5102,137.5295,141.06,2892949,137.91,141.5102,137.5295,141.06,2892949,0.0,1.0,141.06,137.5295,141.5102
ARM,2025-08-19,140.93,142.8,133.7,134.01,4751607,140.93,142.8,133.7,134.01,4751607,0.0,1.0,134.01,133.7,142.8
ARM,2025-08-20,132.7,133.13,127.03,131.16,5838744,132.7,133.13,127.03,131.16,5838744,0.0,1.0,131.16,127.03,133.13
ARM,2025-08-21,130.89,133.63,130.21,133.28,4107208,130.89,133.63,130.21,133.28,4107208,0.0,1.0,133.28,130.21,133.63
ARM,2025-08-22,133.0,140.35,132.68,137.92,4041485,133.0,140.35,132.68,137.92,4041485,0.0,1.0,137.92,132.68,140.35
ARM,2025-08-25,138.295,139.0,136.0,137.78,1870929,138.295,139.0,136.0,137.78,1870929,0.0,1.0,137.78,136.0,139.0
ARM,2025-08-26,138.34,141.41,137.85,140.26,2515358,138.34,141.41,137.85,140.26,2515358,0.0,1.0,140.26,137.85,141.41
ARM,2025-08-27,140.27,141.96,138.83,140.66,2499461,140.27,141.96,138.83,140.66,2499461,0.0,1.0,140.66,138.83,141.96
ARM,2025-08-28,140.6,143.7996,139.7574,142.55,2882933,140.6,143.7996,139.7574,142.55,2882933,0.0,1.0,142.55,139.7574,143.7996
ARM,2025-08-29,140.67,140.78,137.31,138.31,3615984,140.67,140.78,137.31,138.31,3615984,0.0,1.0,138.31,137.31,140.78
ARM,2025-09-02,133.62,134.89,130.41,132.34,5833676,133.62,134.89,130.41,132.34,5833676,0.0,1.0,132.34,130.41,134.89
ARM,2025-09-03,133.65,134.1,130.71,131.42,2989336,133.65,134.1,130.71,131.42,2989336,0.0,1.0,131.42,130.71,134.1
ARM,2025-09-04,131.135,136.115,130.26,135.48,3274910,131.135,136.115,130.26,135.48,3274910,0.0,1.0,135.48,130.26,136.115
ARM,2025-09-05,138.0,138.82,135.35,138.17,2822396,138.0,138.82,135.35,138.17,2822396,0.0,1.0,138.17,135.35,138.82
ARM,2025-09-08,138.71,141.15,138.14,139.14,2573149,138.71,141.15,138.14,139.14,2573149,0.0,1.0,139.14,138.14,141.15
ARM,2025-09-09,139.14,141.7385,139.1,140.8,2083374,139.14,141.7385,139.1,140.8,2083374,0.0,1.0,140.8,139.1,141.7385
ARM,2025-09-10,143.3,154.5,142.8,154.14,11219684,143.3,154.5,142.8,154.14,11219684,0.0,1.0,154.14,142.8,154.5
ARM,2025-09-11,152.85,158.89,152.85,154.7,6342151,152.85,158.89,152.85,154.7,6342151,0.0,1.0,154.7,152.85,158.89
ARM,2025-09-12,155.24,155.55,149.02,150.64,3605208,155.24,155.55,149.02,150.64,3605208,0.0,1.0,150.64,149.02,155.55
ARM,2025-09-15,151.25,154.9781,151.025,153.86,2570378,151.25,154.9781,151.025,153.86,2570378,0.0,1.0,153.86,151.025,154.9781
ARM,2025-09-16,153.76,155.8,152.3462,153.85,2385321,153.76,155.8,152.3462,153.85,2385321,0.0,1.0,153.85,152.3462,155.8
ARM,2025-09-17,153.0,154.6588,150.1,153.37,2500041,153.0,154.6588,150.1,153.37,2500041,0.0,1.0,153.37,150.1,154.6588
ARM,2025-09-18,147.21,149.24,142.0,146.54,12214996,147.21,149.24,142.0,146.54,12214996,0.0,1.0,146.54,142.0,149.24
ARM,2025-09-19,145.805,145.805,142.38,142.91,8770184,145.805,145.805,142.38,142.91,8770184,0.0,1.0,142.91,142.38,145.805
ARM,2025-09-22,142.15,145.55,141.35,144.48,4705820,142.15,145.55,141.35,144.48,4705820,0.0,1.0,144.48,141.35,145.55
ARM,2025-09-23,145.41,146.16,140.28,140.99,4823904,145.41,146.16,140.28,140.99,4823904,0.0,1.0,140.99,140.28,146.16
ARM,2025-09-24,142.15,146.0,141.31,144.3,4545711,142.15,146.0,141.31,144.3,4545711,0.0,1.0,144.3,141.31,146.0
ARM,2025-09-25,141.5,142.8,138.0,140.65,4312171,141.5,142.8,138.0,140.65,4312171,0.0,1.0,140.65,138.0,142.8
ARM,2025-09-26,141.0,141.0799,137.62,139.62,3757082,141.0,141.0799,137.62,139.62,3757082,0.0,1.0,139.62,137.62,141.0799
ARM,2025-09-29,141.22,142.3,139.34,139.8,2988896,141.22,142.3,139.34,139.8,2988896,0.0,1.0,139.8,139.34,142.3
ARM,2025-09-30,139.895,141.68,138.49,141.49,2550745,139.895,141.68,138.49,141.49,2550745,0.0,1.0,141.49,138.49,141.68
ARM,2025-10-01,142.41,151.25,142.36,150.38,7886785,142.41,151.25,142.36,150.38,7886785,0.0,1.0,150.38,142.36,151.25
ARM,2025-10-02,150.85,152.5,149.41,152.145,3573072,150.85,152.5,149.41,152.145,3573072,0.0,1.0,152.145,149.41,152.5
ARM,2025-10-03,152.88,154.5468,150.66,152.64,2533633,152.88,154.5468,150.66,152.64,2533633,0.0,1.0,152.64,150.66,154.5468
ARM,2025-10-06,155.6,160.54,154.649306,156.22,5095938,155.6,160.54,154.649306,156.22,5095938,0.0,1.0,156.22,154.649306,160.54
ARM,2025-10-07,157.0,161.0,154.35,159.345,5179075,157.0,161.0,154.35,159.345,5179075,0.0,1.0,159.345,154.35,161.0
ARM,2025-10-08,158.5,168.51,156.5,166.77,9048765,158.5,168.51,156.5,166.77,9048765,0.0,1.0,166.77,156.5,168.51
ARM,2025-10-09,164.51,171.86,161.21,170.66,8685569,164.51,171.86,161.21,170.66,8685569,0.0,1.0,170.66,161.21,171.86
ARM,2025-10-10,170.6,171.59,153.22,154.81,8383969,170.6,171.59,153.22,154.81,8383969,0.0,1.0,154.81,153.22,171.59
ARM,2025-10-13,160.805,175.0,157.0,171.94,11188193,160.805,175.0,157.0,171.94,11188193,0.0,1.0,171.94,157.0,175.0
ARM,2025-10-14,171.595,180.34,167.54,168.16,12821187,171.595,180.34,167.54,168.16,12821187,0.0,1.0,168.16,167.54,180.34
ARM,2025-10-15,172.06,174.0,167.1,170.67,7692830,172.06,174.0,167.1,170.67,7692830,0.0,1.0,170.67,167.1,174.0
ARM,2025-10-16,173.58,175.97,168.6264,171.19,4581189,173.58,175.97,168.6264,171.19,4581189,0.0,1.0,171.19,168.6264,175.97
ARM,2025-10-17,169.73,169.73,163.61,165.61,4645269,169.73,169.73,163.61,165.61,4645269,0.0,1.0,165.61,163.61,169.73
ARM,2025-10-20,167.5,173.04,167.415,171.5,3654095,167.5,173.04,167.415,171.5,3654095,0.0,1.0,171.5,167.415,173.04
ARM,2025-10-21,170.53,173.845,167.06,169.38,4776145,170.53,173.845,167.06,169.38,4776145,0.0,1.0,169.38,167.06,173.845
ARM,2025-10-22,168.06,170.835,160.8524,165.71,4302283,168.06,170.835,160.8524,165.71,4302283,0.0,1.0,165.71,160.8524,170.835
ARM,2025-10-23,164.56,169.29,164.07,166.6,2775737,164.56,169.29,164.07,166.6,2775737,0.0,1.0,166.6,164.07,169.29
ARM,2025-10-24,170.19,174.4499,169.66,170.68,3665243,170.19,174.4499,169.66,170.68,3665243,0.0,1.0,170.68,169.66,174.4499
ARM,2025-10-27,174.485,183.16,174.27,178.62,6552357,174.485,183.16,174.27,178.62,6552357,0.0,1.0,178.62,174.27,183.16
ARM,2025-10-28,178.01,179.12,172.93,173.09,3335494,178.01,179.12,172.93,173.09,3335494,0.0,1.0,173.09,172.93,179.12
ARM,2025-10-29,175.27,177.25,169.37,170.39,3098253,175.27,177.25,169.37,170.39,3098253,0.0,1.0,170.39,169.37,177.25
ARM,2025-10-30,168.62,168.999,165.3001,165.45,2855952,168.62,168.999,165.3001,165.45,2855952,0.0,1.0,165.45,165.3001,168.999
ARM,2025-10-31,168.5,171.88,166.935,169.82,3704417,168.5,171.88,166.935,169.82,3704417,0.0,1.0,169.82,166.935,171.88
ARM,2025-11-03,171.3,173.54,168.36,168.68,2230065,171.3,173.54,168.36,168.68,2230065,0.0,1.0,168.68,168.36,173.54
ARM,2025-11-04,162.0,166.14,160.4,160.73,3936622,162.0,166.14,160.4,160.73,3936622,0.0,1.0,160.73,160.4,166.14
ARM,2025-11-05,158.74,164.33,156.33,160.19,6735258,158.74,164.33,156.33,160.19,6735258,0.0,1.0,160.19,156.33,164.33
ARM,2025-11-06,167.0,167.4799,155.18,158.25,7123713,167.0,167.4799,155.18,158.25,7123713,0.0,1.0,158.25,155.18,167.4799
ARM,2025-11-07,154.74,155.23,146.29,152.38,5794581,154.74,155.23,146.29,152.38,5794581,0.0,1.0,152.38,146.29,155.23
ARM,2025-11-10,158.48,159.315,154.55,154.84,3274225,158.48,159.315,154.55,154.84,3274225,0.0,1.0,154.84,154.55,159.315
ARM,2025-11-11,153.0,153.0,146.7017,149.74,4075260,153.0,153.0,146.7017,149.74,4075260,0.0,1.0,149.74,146.7017,153.0
ARM,2025-11-12,151.07,152.48,146.8471,148.75,2602094,151.07,152.48,146.8471,148.75,2602094,0.0,1.0,148.75,146.8471,152.48
ARM,2025-11-13,146.995,147.635,138.38,140.31,6496039,146.995,147.635,138.38,140.31,6496039,0.0,1.0,140.31,138.38,147.635
ARM,2025-11-14,136.91,143.745,135.1,139.77,3717909,136.91,143.745,135.1,139.77,3717909,0.0,1.0,139.77,135.1,143.745
ARM,2025-11-17,139.57,143.8,138.19,140.26,2977455,139.57,143.8,138.19,140.26,2977455,0.0,1.0,140.26,138.19,143.8
ARM,2025-11-18,138.185,139.54,133.24,136.04,3993028,138.185,139.54,133.24,136.04,3993028,0.0,1.0,136.04,133.24,139.54
ARM,2025-11-19,137.6,138.56,134.92,136.99,3499406,137.6,138.56,134.92,136.99,3499406,0.0,1.0,136.99,134.92,138.56
ARM,2025-11-20,142.28,143.32,131.85,132.53,4609731,142.28,143.32,131.85,132.53,4609731,0.0,1.0,132.53,131.85,143.32
ARM,2025-11-21,132.53,133.27,125.17,131.57,6166756,132.53,133.27,125.17,131.57,6166756,0.0,1.0,131.57,125.17,133.27
ARM,2025-11-24,132.825,136.015,132.55,134.71,3417562,132.825,136.015,132.55,134.71,3417562,0.0,1.0,134.71,132.55,136.015
ARM,2025-11-25,132.0,132.5,126.92,131.44,4858068,132.0,132.5,126.92,131.44,4858068,0.0,1.0,131.44,126.92,132.5
ARM,2025-11-26,133.5,134.65,132.36,132.61,2806661,133.5,134.65,132.36,132.61,2806661,0.0,1.0,132.61,132.36,134.65
ARM,2025-11-28,133.79,135.66,132.7,135.56,1559120,133.79,135.66,132.7,135.56,1559120,0.0,1.0,135.56,132.7,135.66
ARM,2025-12-01,133.43,136.58,133.0,135.01,2365032,133.43,136.58,133.0,135.01,2365032,0.0,1.0,135.01,133.0,136.58
ARM,2025-12-02,136.03,139.35,135.74,136.48,2184900,136.03,139.35,135.74,136.48,2184900,0.0,1.0,136.48,135.74,139.35
ARM,2025-12-03,137.36,139.56,135.8075,139.19,2152046,137.36,139.56,135.8075,139.19,2152046,0.0,1.0,139.19,135.8075,139.56
ARM,2025-12-04,139.695,141.3999,138.2179,140.49,2390177,139.695,141.3999,138.2179,140.49,2390177,0.0,1.0,140.49,138.2179,141.3999
ARM,2025-12-05,143.21,144.25,140.49,141.31,2445167,143.21,144.25,140.49,141.31,2445167,0.0,1.0,141.31,140.49,144.25
ARM,2025-12-08,143.0,143.4139,138.31,139.78,2050437,143.0,143.4139,138.31,139.78,2050437,0.0,1.0,139.78,138.31,143.4139
ARM,2025-12-09,139.57,142.22,138.36,141.93,2296883,139.57,142.22,138.36,141.93,2296883,0.0,1.0,141.93,138.36,142.22
ARM,2025-12-10,141.74,142.8,140.0,141.52,1765750,141.74,142.8,140.0,141.52,1765750,0.0,1.0,141.52,140.0,142.8
ARM,2025-12-11,137.99,138.26,133.092,136.14,4227495,137.99,138.26,133.092,136.14,4227495,0.0,1.0,136.14,133.092,138.26
ARM,2025-12-12,135.31,137.0,130.4108,130.89,3965905,135.31,137.0,130.4108,130.89,3965905,0.0,1.0,130.89,130.4108,137.0
ARM,2025-12-15,126.38,128.74,123.145,124.37,6924831,126.38,128.74,123.145,124.37,6924831,0.0,1.0,124.37,123.145,128.74
ARM,2025-12-16,123.5,124.0,117.83,121.1,6198849,123.5,124.0,117.83,121.1,6198849,0.0,1.0,121.1,117.83,124.0
ARM,2025-12-17,121.575,121.6346,112.63,114.58,8686630,121.575,121.6346,112.63,114.58,8686630,0.0,1.0,114.58,112.63,121.6346
ARM,2025-12-18,117.13,118.0646,113.43,113.51,5194927,117.13,118.0646,113.43,113.51,5194927,0.0,1.0,113.51,113.43,118.0646
ARM,2025-12-19,114.215,115.21,113.42,114.03,7854513,114.215,115.21,113.42,114.03,7854513,0.0,1.0,114.03,113.42,115.21
ARM,2025-12-22,117.17,117.21,112.67,113.29,7754264,117.17,117.21,112.67,113.29,7754264,0.0,1.0,113.29,112.67,117.21
ARM,2025-12-23,112.72,112.9,110.29,112.02,7045304,112.72,112.9,110.29,112.02,7045304,0.0,1.0,112.02,110.29,112.9
ARM,2025-12-24,112.09,112.32,110.5801,111.55,2160476,112.09,112.32,110.5801,111.55,2160476,0.0,1.0,111.55,110.5801,112.32
ARM,2025-12-26,111.465,111.6,110.1,110.27,3054343,111.465,111.6,110.1,110.27,3054343,0.0,1.0,110.27,110.1,111.6
ARM,2025-12-29,108.73,111.29,108.3801,110.51,3347668,108.73,111.29,108.3801,110.51,3347668,0.0,1.0,110.51,108.3801,111.29
ARM,2025-12-30,111.13,112.0,110.39,110.86,3616902,111.13,112.0,110.39,110.86,3616902,0.0,1.0,110.86,110.39,112.0
ARM,2025-12-31,110.665,111.6,109.29,109.31,3455574,110.665,111.6,109.29,109.31,3455574,0.0,1.0,109.31,109.29,111.6
ARM,2026-01-02,112.83,116.29,112.83,114.73,6711818,112.83,116.29,112.83,114.73,6711818,0.0,1.0,114.73,112.83,116.29
ARM,2026-01-05,120.36,122.5,116.03,116.11,6859514,120.36,122.5,116.03,116.11,6859514,0.0,1.0,116.11,116.03,122.5
ARM,2026-01-06,117.52,117.97,114.99,115.53,3290097,117.52,117.97,114.99,115.53,3290097,0.0,1.0,115.53,114.99,117.97
ARM,2026-01-07,114.93,117.2,113.97,115.68,5117601,114.93,117.2,113.97,115.68,5117601,0.0,1.0,115.68,113.97,117.2
ARM,2026-01-08,115.82,116.2799,110.553,113.08,4700980,115.82,116.2799,110.553,113.08,4700980,0.0,1.0,113.08,110.553,116.2799
ARM,2026-01-09,113.91,113.98,109.52,111.79,5292918,113.91,113.98,109.52,111.79,5292918,0.0,1.0,111.79,109.52,113.98
ARM,2026-01-12,110.94,111.61,109.25,111.14,4443138,110.94,111.61,109.25,111.14,4443138,0.0,1.0,111.14,109.25,111.61
ARM,2026-01-13,108.87,111.75,105.9,107.84,7749424,108.87,111.75,105.9,107.84,7749424,0.0,1.0,107.84,105.9,111.75
ARM,2026-01-14,106.37,106.49,102.01,104.99,7570137,106.37,106.49,102.01,104.99,7570137,0.0,1.0,104.99,102.01,106.49
ARM,2026-01-15,108.13,108.885,104.95,105.11,5775761,108.13,108.885,104.95,105.11,5775761,0.0,1.0,105.11,104.95,108.885
ARM,2026-01-16,106.66,107.96,105.19,105.78,5291129,106.66,107.96,105.19,105.78,5291129,0.0,1.0,105.78,105.19,107.96
ARM,2026-01-20,104.86,110.74,104.41,107.17,7300524,104.86,110.74,104.41,107.17,7300524,0.0,1.0,107.17,104.41,110.74
ARM,2026-01-21,111.075,117.28,111.075,113.92,13666024,111.075,117.28,111.075,113.92,13666024,0.0,1.0,113.92,111.075,117.28
ARM,2026-01-22,120.705,123.5,118.65,119.2,14162097,120.705,123.5,118.65,119.2,14162097,0.0,1.0,119.2,118.65,123.5
ARM,2026-01-23,120.88,121.85,114.58,116.07,6814502,120.88,121.85,114.58,116.07,6814502,0.0,1.0,116.07,114.58,121.85
ARM,2026-01-26,116.35,116.4399,114.06,114.73,3716649,116.35,116.4399,114.06,114.73,3716649,0.0,1.0,114.73,114.06,116.4399
ARM,2026-01-27,116.155,117.39,114.235,114.88,4327625,116.155,117.39,114.235,114.88,4327625,0.0,1.0,114.88,114.235,117.39
ARM,2026-01-28,115.0,115.78,109.06,109.96,7947394,115.0,115.78,109.06,109.96,7947394,0.0,1.0,109.96,109.06,115.78
ARM,2026-01-29,110.06,110.4,104.11,108.43,6154661,110.06,110.4,104.11,108.43,6154661,0.0,1.0,108.43,104.11,110.4
ARM,2026-01-30,107.09,108.0,105.03,105.36,4950724,107.09,108.0,105.03,105.36,4950724,0.0,1.0,105.36,105.03,108.0
ARM,2026-02-02,104.58,108.12,104.01,106.93,5001144,104.58,108.12,104.01,106.93,5001144,0.0,1.0,106.93,104.01,108.12
ARM,2026-02-03,108.0,109.36,101.57,104.55,6789383,108.0,109.36,101.57,104.55,6789383,0.0,1.0,104.55,101.57,109.36
ARM,2026-02-04,105.0,108.185,103.0,104.9,12213701,105.0,108.185,103.0,104.9,12213701,0.0,1.0,104.9,103.0,108.185
ARM,2026-02-05,104.48,115.1,100.02,110.88,24624969,104.48,115.1,100.02,110.88,24624969,0.0,1.0,110.88,100.02,115.1
ARM,2026-02-06,112.715,124.31,112.53,123.7,15788966,112.715,124.31,112.53,123.7,15788966,0.0,1.0,123.7,112.53,124.31
ARM,2026-02-09,120.25,125.245,118.25,124.61,6817400,120.25,125.245,118.25,124.61,6817400,0.0,1.0,124.61,118.25,125.245
ARM,2026-02-10,124.37,130.9,124.25,125.95,8913476,124.37,130.9,124.25,125.95,8913476,0.0,1.0,125.95,124.25,130.9
ARM,2026-02-11,127.51,129.54,125.16,125.28,4145197,127.51,129.54,125.16,125.28,4145197,0.0,1.0,125.28,125.16,129.54
ARM,2026-02-12,125.28,128.24,120.82,122.19,5981961,125.28,128.24,120.82,122.19,5981961,0.0,1.0,122.19,120.82,128.24
ARM,2026-02-13,120.12,127.42,119.7,125.28,4417607,120.12,127.42,119.7,125.28,4417607,0.0,1.0,125.28,119.7,127.42
ARM,2026-02-17,124.5,127.0,120.58,126.89,4268855,124.5,127.0,120.58,126.89,4268855,0.0,1.0,126.89,120.58,127.0
ARM,2026-02-18,128.6,130.4,126.0,127.24,4275606,128.6,130.4,126.0,127.24,4275606,0.0,1.0,127.24,126.0,130.4
ARM,2026-02-19,125.86,126.99,122.65,126.93,3108805,125.86,126.99,122.65,126.93,3108805,0.0,1.0,126.93,122.65,126.99
ARM,2026-02-20,125.215,130.0,124.96,125.58,4056042,125.215,130.0,124.96,125.58,4056042,0.0,1.0,125.58,124.96,130.0
ARM,2026-02-23,123.705,126.71,121.91,123.78,3393756,123.705,126.71,121.91,123.78,3393756,0.0,1.0,123.78,121.91,126.71
ARM,2026-02-24,124.6,131.39,124.0,128.14,4273032,124.6,131.39,124.0,128.14,4273032,0.0,1.0,128.14,124.0,131.39
ARM,2026-02-25,128.35,133.28,128.35,131.74,4322698,128.35,133.28,128.35,131.74,4322698,0.0,1.0,131.74,128.35,133.28
ARM,2026-02-26,131.94,134.25,126.66,129.26,4135961,131.94,134.25,126.66,129.26,4135961,0.0,1.0,129.26,126.66,134.25
ARM,2026-02-27,126.145,128.89,126.01,127.45,3112548,126.145,128.89,126.01,127.45,3112548,0.0,1.0,127.45,126.01,128.89
ARM,2026-03-02,123.32,125.84,121.64,124.37,3831965,123.32,125.84,121.64,124.37,3831965,0.0,1.0,124.37,121.64,125.84
ARM,2026-03-03,119.275,122.15,116.39,121.72,5303774,119.275,122.15,116.39,121.72,5303774,0.0,1.0,121.72,116.39,122.15
ARM,2026-03-04,122.7,127.4,121.74,124.11,2984491,122.7,127.4,121.74,124.11,2984491,0.0,1.0,124.11,121.74,127.4
ARM,2026-03-05,122.8496,124.35,118.77,120.62,3441825,122.8496,124.35,118.77,120.62,3441825,0.0,1.0,120.62,118.77,124.35
ARM,2026-03-06,118.125,119.27,113.51,114.38,4331104,118.125,119.27,113.51,114.38,4331104,0.0,1.0,114.38,113.51,119.27
ARM,2026-03-09,112.55,118.14,111.2601,117.63,3990732,112.55,118.14,111.2601,117.63,3990732,0.0,1.0,117.63,111.2601,118.14
ARM,2026-03-10,117.0,123.605,116.99,120.55,3659782,117.0,123.605,116.99,120.55,3659782,0.0,1.0,120.55,116.99,123.605
ARM,2026-03-11,120.83,123.2,119.33,120.1,2451778,120.83,123.2,119.33,120.1,2451778,0.0,1.0,120.1,119.33,123.2
ARM,2026-03-12,118.225,119.25,114.455,115.12,3450981,118.225,119.25,114.455,115.12,3450981,0.0,1.0,115.12,114.455,119.25
ARM,2026-03-13,115.8,118.06,115.05,115.75,2462517,115.8,118.06,115.05,115.75,2462517,0.0,1.0,115.75,115.05,118.06
ARM,2026-03-16,119.5,123.4392,118.375,121.7,4407330,119.5,123.4392,118.375,121.7,4407330,0.0,1.0,121.7,118.375,123.4392
ARM,2026-03-17,125.17,128.7999,124.8,127.31,5890732,125.17,128.7999,124.8,127.31,5890732,0.0,1.0,127.31,124.8,128.7999
ARM,2026-03-18,127.81,130.88,127.205,128.36,4206917,127.81,130.88,127.205,128.36,4206917,0.0,1.0,128.36,127.205,130.88
ARM,2026-03-19,125.0,130.725,124.5,129.82,3497579,125.0,130.725,124.5,129.82,3497579,0.0,1.0,129.82,124.5,130.725
ARM,2026-03-20,136.9,139.95,131.423,132.35,12450803,136.9,139.95,131.423,132.35,12450803,0.0,1.0,132.35,131.423,139.95
ARM,2026-03-23,133.43,138.845,133.12,136.89,7959801,133.43,138.845,133.12,136.89,7959801,0.0,1.0,136.89,133.12,138.845
ARM,2026-03-24,136.0,140.58,133.01,134.96,11039180,136.0,140.58,133.01,134.96,11039180,0.0,1.0,134.96,133.01,140.58
ARM,2026-03-25,148.255,166.69,148.25,157.07,29579891,148.255,166.69,148.25,157.07,29579891,0.0,1.0,157.07,148.25,166.69
ARM,2026-03-26,157.35,163.53,154.35,154.8,15671564,157.35,163.53,154.35,154.8,15671564,0.0,1.0,154.8,154.35,163.53
ARM,2026-03-27,151.53,152.75,142.21,144.13,10269040,151.53,152.75,142.21,144.13,10269040,0.0,1.0,144.13,142.21,152.75
ARM,2026-03-30,144.1,145.75,136.0,136.96,8033556,144.1,145.75,136.0,136.96,8033556,0.0,1.0,136.96,136.0,145.75
ARM,2026-03-31,139.9,151.59,139.9,151.28,10203708,139.9,151.59,139.9,151.28,10203708,0.0,1.0,151.28,139.9,151.59
ARM,2026-04-01,154.3896,158.37,152.3,155.07,8306335,154.3896,158.37,152.3,155.07,8306335,0.0,1.0,155.07,152.3,158.37
ARM,2026-04-02,149.77,152.07,145.82,149.11,8183181,149.77,152.07,145.82,149.11,8183181,0.0,1.0,149.11,145.82,152.07
ARM,2026-04-06,152.18,153.68,146.1,148.77,4137616,152.18,153.68,146.1,148.77,4137616,0.0,1.0,148.77,146.1,153.68
ARM,2026-04-07,143.815,145.5,137.58,143.86,7070995,143.815,145.5,137.58,143.86,7070995,0.0,1.0,143.86,137.58,145.5
ARM,2026-04-08,152.16,153.42,145.0,148.91,6480268,152.16,153.42,145.0,148.91,6480268,0.0,1.0,148.91,145.0,153.42
ARM,2026-04-09,148.23,150.4,145.27,149.795,5325719,148.23,150.4,145.27,149.795,5325719,0.0,1.0,149.795,145.27,150.4
ARM,2026-04-10,152.41,159.29,147.96,148.93,7431618,152.41,159.29,147.96,148.93,7431618,0.0,1.0,148.93,147.96,159.29
ARM,2026-04-13,147.78,157.77,147.5,157.58,4900084,147.78,157.77,147.5,157.58,4900084,0.0,1.0,157.58,147.5,157.77
ARM,2026-04-14,161.03,163.5,157.6,161.22,6294189,161.03,163.5,157.6,161.22,6294189,0.0,1.0,161.22,157.6,163.5
ARM,2026-04-15,161.22,161.74,156.21,159.34,3650295,161.22,161.74,156.21,159.34,3650295,0.0,1.0,159.34,156.21,161.74
ARM,2026-04-16,159.99,166.09,156.85,162.33,5748002,159.99,166.09,156.85,162.33,5748002,0.0,1.0,162.33,156.85,166.09
ARM,2026-04-17,167.34,168.35,162.7276,166.73,5092592,167.34,168.35,162.7276,166.73,5092592,0.0,1.0,166.73,162.7276,168.35
ARM,2026-04-20,167.415,175.315,164.1,175.1,8563957,167.415,175.315,164.1,175.1,8563957,0.0,1.0,175.1,164.1,175.315
ARM,2026-04-21,175.37,179.4,173.3,175.49,6479929,175.37,179.4,173.3,175.49,6479929,0.0,1.0,175.49,173.3,179.4
ARM,2026-04-22,180.0,196.66,178.475,196.57,13932311,180.0,196.66,178.475,196.57,13932311,0.0,1.0,196.57,178.475,196.66
ARM,2026-04-23,194.42,210.8,192.18,204.61,16854094,194.42,210.8,192.18,204.61,16854094,0.0,1.0,204.61,192.18,210.8
ARM,2026-04-24,221.96,237.68,218.375,234.81,20481734,221.96,237.68,218.375,234.81,20481734,0.0,1.0,234.81,218.375,237.68
ARM,2026-04-27,224.49,227.3,210.0,215.88,13922774,224.49,227.3,210.0,215.88,13922774,0.0,1.0,215.88,210.0,227.3
ARM,2026-04-28,197.32,204.6693,195.0,198.65,13367888,197.32,204.6693,195.0,198.65,13367888,0.0,1.0,198.65,195.0,204.6693
ARM,2026-04-29,202.6,203.5,193.91,201.69,6215549,202.6,203.5,193.91,201.69,6215549,0.0,1.0,201.69,193.91,203.5
ARM,2026-04-30,204.0,215.2,200.04,210.32,7730811,204.0,215.2,200.04,210.32,7730811,0.0,1.0,210.32,200.04,215.2
ARM,2026-05-01,208.15,216.3532,207.16,211.18,4970251,208.15,216.3532,207.16,211.18,4970251,0.0,1.0,211.18,207.16,216.3532
ARM,2026-05-04,212.5,215.45,198.35,203.26,6725188,212.5,215.45,198.35,203.26,6725188,0.0,1.0,203.26,198.35,215.45
ARM,2026-05-05,210.095,214.39,204.3249,208.84,7968859,210.095,214.39,204.3249,208.84,7968859,0.0,1.0,208.84,204.3249,214.39
ARM,2026-05-06,232.0,239.5,220.1,237.3,26272938,232.0,239.5,220.1,237.3,26272938,0.0,1.0,237.3,220.1,239.5
ARM,2026-05-07,222.395,232.23,210.23,213.31,22382775,222.395,232.23,210.23,213.31,22382775,0.0,1.0,213.31,210.23,232.23
ARM,2026-05-08,216.96,222.0,211.0,213.27,11610259,216.96,222.0,211.0,213.27,11610259,0.0,1.0,213.27,211.0,222.0
ARM,2026-05-11,206.535,215.5,206.078,212.65,10549519,206.535,215.5,206.078,212.65,10549519,0.0,1.0,212.65,206.078,215.5
ARM,2026-05-12,204.77,216.498,200.89,207.92,7839578,204.77,216.498,200.89,207.92,7839578,0.0,1.0,207.92,200.89,216.498
ARM,2026-05-13,212.0,222.4699,207.87,221.21,8699995,212.0,222.4699,207.87,221.21,8699995,0.0,1.0,221.21,207.87,222.4699
ARM,2026-05-14,217.84,228.68,213.23,228.5,8456947,217.84,228.68,213.23,228.5,8456947,0.0,1.0,228.5,213.23,228.68
ARM,2026-05-15,214.79,216.7,208.5,209.16,10191177,214.79,216.7,208.5,209.16,10191177,0.0,1.0,209.16,208.5,216.7
ARM,2026-05-18,209.81,215.5,203.0049,215.12,8614499,209.81,215.5,203.0049,215.12,8614499,0.0,1.0,215.12,203.0049,215.5
ARM,2026-05-19,209.75,226.9499,206.38,223.15,11226385,209.75,226.9499,206.38,223.15,11226385,0.0,1.0,223.15,206.38,226.9499
ARM,2026-05-20,226.54,259.44,226.085,256.73,17724601,226.54,259.44,226.085,256.73,17724601,0.0,1.0,256.73,226.085,259.44
ARM,2026-05-21,266.895,298.7,266.0001,298.23,21796620,266.895,298.7,266.0001,298.23,21796620,0.0,1.0,298.23,266.0001,298.7
ARM,2026-05-22,290.075,315.0,288.21,306.51,13961817,290.075,315.0,288.21,306.51,13961817,0.0,1.0,306.51,288.21,315.0
ARM,2026-05-26,315.71,324.9999,300.0,321.22,10899814,315.71,324.9999,300.0,321.22,10899814,0.0,1.0,321.22,300.0,324.9999
ARM,2026-05-27,320.535,323.77,300.88,302.71,9356318,320.535,323.77,300.88,302.71,9356318,0.0,1.0,302.71,300.88,323.77
ARM,2026-05-28,309.98,349.42,308.6175,335.27,14386085,309.98,349.42,308.6175,335.27,14386085,0.0,1.0,335.27,308.6175,349.42
ARM,2026-05-29,339.25,356.45,337.0,353.29,10448329,339.25,356.45,337.0,353.29,10448329,0.0,1.0,353.29,337.0,356.45
ARM,2026-06-01,389.95,421.6899,381.25,408.85,20741523,389.95,421.6899,381.25,408.85,20741523,0.0,1.0,408.85,381.25,421.6899
ARM,2026-06-02,401.13,427.99,387.903,402.71,15453381,401.13,427.99,387.903,402.71,15453381,0.0,1.0,402.71,387.903,427.99
ARM,2026-06-03,407.535,417.5,373.89,411.83,11938804,407.535,417.5,373.89,411.83,11938804,0.0,1.0,411.83,373.89,417.5
ARM,2026-06-04,380.41,397.4499,367.52,393.44,10915944,380.41,397.4499,367.52,393.44,10915944,0.0,1.0,393.44,367.52,397.4499
ARM,2026-06-05,369.75,373.74,337.5513,342.93,14885094,369.75,373.74,337.5513,342.93,14885094,0.0,1.0,342.93,337.5513,373.74
ARM,2026-06-08,354.0,364.35,339.006,346.39,9055894,354.0,364.35,339.006,346.39,9055894,0.0,1.0,346.39,339.006,364.35
ARM,2026-06-09,362.255,362.575,298.38,324.86,13397493,362.255,362.575,298.38,324.86,13397493,0.0,1.0,324.86,298.38,362.575
ARM,2026-06-10,314.47,332.1,304.11,307.43,8044599,314.47,332.1,304.11,307.43,8044599,0.0,1.0,307.43,304.11,332.1
ARM,2026-06-11,314.42,344.68,310.183,342.23,8844726,314.42,344.68,310.183,342.23,8844726,0.0,1.0,342.23,310.183,344.68
ARM,2026-06-12,353.12,385.8,350.04,380.81,16531864,353.12,385.8,350.04,380.81,16531864,0.0,1.0,380.81,350.04,385.8
ARM,2026-06-15,390.5,416.1737,369.25,412.55,14035464,390.5,416.1737,369.25,412.55,14035464,0.0,1.0,412.55,369.25,416.1737
ARM,2026-06-16,401.0,428.6,395.88,396.34,12401970,401.0,428.6,395.88,396.34,12401970,0.0,1.0,396.34,395.88,428.6
ARM,2026-06-17,411.98,444.8,400.14,418.88,11692487,411.98,444.8,400.14,418.88,11692487,0.0,1.0,418.88,400.14,444.8
ARM,2026-06-18,440.245,452.7,423.62,439.46,34221913,440.245,452.7,423.62,439.46,34221913,0.0,1.0,439.46,423.62,452.7
ARM,2026-06-22,440.03,444.95,401.95,407.72,9416929,440.03,444.95,401.95,407.72,9416929,0.0,1.0,407.72,401.95,444.95
ARM,2026-06-23,370.0,389.8,362.9,366.39,11079209,370.0,389.8,362.9,366.39,11079209,0.0,1.0,366.39,362.9,389.8
ARM,2026-06-24,373.33,374.56,344.12,359.08,8663875,373.33,374.56,344.12,359.08,8663875,0.0,1.0,359.08,344.12,374.56
ARM,2026-06-25,379.765,379.97,339.5201,347.71,8379914,379.765,379.97,339.5201,347.71,8379914,0.0,1.0,347.71,339.5201,379.97
ARM,2026-06-26,335.07,339.9,326.8,334.27,7718158,335.07,339.9,326.8,334.27,7718158,0.0,1.0,334.27,326.8,339.9
ARM,2026-06-29,336.25,346.1499,303.67,343.58,8387980,336.25,346.1499,303.67,343.58,8387980,0.0,1.0,343.58,303.67,346.1499
ARM,2026-06-30,349.77,361.9499,342.0715,354.57,6267926,349.77,361.9499,342.0715,354.57,6267926,0.0,1.0,354.57,342.0715,361.9499
ARM,2026-07-01,341.245,346.67,332.0,337.47,5064650,341.245,346.67,332.0,337.47,5064650,0.0,1.0,337.47,332.0,346.67
ARM,2026-07-02,337.24,358.49,309.74,315.28,7575956,337.24,358.49,309.74,315.28,7575956,0.0,1.0,315.28,309.74,358.49
ARM,2026-07-06,324.27,338.2441,321.5,322.24,5297276,324.27,338.2441,321.5,322.24,5297276,0.0,1.0,322.24,321.5,338.2441
ARM,2026-07-07,305.93,314.9,293.99,300.43,7269594,305.93,314.9,293.99,300.43,7269594,0.0,1.0,300.43,293.99,314.9
ARM,2026-07-08,297.535,311.365,290.45,300.24,6128683,297.535,311.365,290.45,300.24,6128683,0.0,1.0,300.24,290.45,311.365
ARM,2026-07-09,318.315,339.44,311.15,327.87,7096457,318.315,339.44,311.15,327.87,7096457,0.0,1.0,327.87,311.15,339.44
ARM,2026-07-10,322.7,328.2806,317.88,323.39,2770934,322.7,328.2806,317.88,323.39,2770934,0.0,1.0,323.39,317.88,328.2806
ARM,2026-07-13,311.43,311.43,293.5,298.99,5016353,311.43,311.43,293.5,298.99,5016353,0.0,1.0,298.99,293.5,311.43
ARM,2026-07-14,310.035,310.5,276.26,281.17,8415268,310.035,310.5,276.26,281.17,8415268,0.0,1.0,281.17,276.26,310.5
